Timestamp,Gender,Age Range,Wear Regularly,Looking For,Design Preference,Jewelry Type,Comfortable Spending Fashion,Comfortable Spending Fine,Comfortable Spending Shipping?,Purchase Habits,Shop Online,Prefer Website,Care,Username
11/8/2020 15:44:19,Female,24 - 29,"Earrings, Necklaces","Style / Design, Comfort","Minimal, Simple",Fine / Semi-fine / Demi-fine jewelry -- Costlier and higher quality jewelry that can be worn day in and day out,Below RM 10,RM 20 - 40,Below RM5,Planned,3,4,2,I do not use a insta!!!!
11/8/2020 17:59:29,Female,18 - 23,"Earrings, Rings (not including wedding ring), Watches","Style / Design, Quality",Elegant,"Fashion jewelry -- Inexpensive jewelry made out of non-precious stones, metals and immitation gems",RM 10 - 20,RM 60 - 80,Below RM5,Implusively / Unplanned,3,2,3,meinlee_
11/8/2020 18:21:30,Female,24 - 29,"Earrings, Necklaces",Style / Design,Silver Huggies,"Fashion jewelry -- Inexpensive jewelry made out of non-precious stones, metals and immitation gems",RM 20 - 30,RM 20 - 40,RM 5 - 7,Implusively / Unplanned,3,2,4,@themonster.bites
11/8/2020 19:20:50,Female,18 - 23,"Earrings, Rings (not including wedding ring)","Style / Design, Craftmanship","Minimal, Simple","Fashion jewelry -- Inexpensive jewelry made out of non-precious stones, metals and immitation gems",RM 30 - 40,RM 20 - 40,Below RM5,Implusively / Unplanned,3,3,4,y4nni_
11/8/2020 19:23:33,Female,18 - 23,Earrings,"Style / Design, Quality",Resin Handmade,"Fashion jewelry -- Inexpensive jewelry made out of non-precious stones, metals and immitation gems",Below RM 10,RM 20 - 40,RM 5 - 7,Implusively / Unplanned,5,3,5,@shalini__29
11/8/2020 19:32:20,Female,18 - 23,"Earrings, Necklaces, Rings (not including wedding ring), Bracelets / Cuffs","Style / Design, Quality",Silver Huggies,"Fashion jewelry -- Inexpensive jewelry made out of non-precious stones, metals and immitation gems",RM 20 - 30,RM 40 - 60,RM 5 - 7,Implusively / Unplanned,2,1,2,@v1ckychong
11/8/2020 19:33:45,Female,24 - 29,"Earrings, Necklaces, Rings (not including wedding ring), Anklets","Style / Design, Quality",Mismatch,"Fashion jewelry -- Inexpensive jewelry made out of non-precious stones, metals and immitation gems",RM 10 - 20,RM 20 - 40,Below RM5,Planned,5,2,2,@hannahreshma
11/8/2020 19:39:25,Female,18 - 23,"Earrings, Necklaces, Rings (not including wedding ring)","Style / Design, Quality, Comfort, Price","Minimal, Simple",Fine / Semi-fine / Demi-fine jewelry -- Costlier and higher quality jewelry that can be worn day in and day out,I do not purchase fashion earrings at all,RM 20 - 40,Below RM5,Implusively / Unplanned,5,3,5,edelnotsowise 
11/8/2020 19:40:51,Female,18 - 23,"Earrings, Necklaces, Rings (not including wedding ring)","Style / Design, Quality",Elegant,Fine / Semi-fine / Demi-fine jewelry -- Costlier and higher quality jewelry that can be worn day in and day out,RM 20 - 30,RM 20 - 40,RM 5 - 7,Implusively / Unplanned,4,3,5,@phoenixamk 
11/8/2020 19:41:03,Female,18 - 23,"Earrings, Necklaces, Rings (not including wedding ring), Bracelets / Cuffs","Style / Design, Quality","Statement, Bold",Handcrafted / Handmade jewelry -- Artisan jewelry assembled or made by hand,Below RM 10,RM 40 - 60,RM 5 - 7,Planned,5,1,4,joeyxory
11/8/2020 19:46:41,Female,18 - 23,"Earrings, Rings (not including wedding ring), Bracelets / Cuffs, Watches","Style / Design, Quality","Minimal, Simple","Fashion jewelry -- Inexpensive jewelry made out of non-precious stones, metals and immitation gems",RM 20 - 30,RM 60 - 80,Above RM 7,Implusively / Unplanned,3,4,5,@farahleeee_
11/8/2020 19:50:08,Female,18 - 23,"Earrings, Necklaces, Rings (not including wedding ring), Bracelets / Cuffs, Watches, Anklets","Quality, Comfort",Silver Huggies,Fine / Semi-fine / Demi-fine jewelry -- Costlier and higher quality jewelry that can be worn day in and day out,RM 10 - 20,RM 60 - 80,Below RM5,Planned,5,4,5,@walkingpisang
11/8/2020 20:07:17,Female,24 - 29,"Earrings, Bracelets / Cuffs, Watches","Quality, Price","Statement, Bold","Fashion jewelry -- Inexpensive jewelry made out of non-precious stones, metals and immitation gems",RM 10 - 20,Below RM 20,Below RM5,Planned,2,2,4,yelyahnadia
11/8/2020 20:08:46,Female,18 - 23,"Earrings, Rings (not including wedding ring), Bracelets / Cuffs","Style / Design, Quality",Silver Huggies,"Fashion jewelry -- Inexpensive jewelry made out of non-precious stones, metals and immitation gems",RM 10 - 20,Below RM 20,RM 5 - 7,Implusively / Unplanned,3,1,3,ynreil
11/8/2020 20:18:29,Female,18 - 23,"Earrings, Necklaces, Rings (not including wedding ring), Bracelets / Cuffs","Style / Design, Quality, Comfort, Price","Minimal, Simple",Fine / Semi-fine / Demi-fine jewelry -- Costlier and higher quality jewelry that can be worn day in and day out,RM 10 - 20,RM 40 - 60,Below RM5,Planned,3,3,4,kreamykieramel 
11/8/2020 20:43:20,Female,18 - 23,"Earrings, Necklaces","Style / Design, Price","Minimal, Simple","Fashion jewelry -- Inexpensive jewelry made out of non-precious stones, metals and immitation gems",Below RM 10,RM 20 - 40,RM 5 - 7,Implusively / Unplanned,2,3,2,@amanda.syk
11/8/2020 21:43:26,Female,18 - 23,"Earrings, Necklaces","Style / Design, Quality",Elegant,"Fashion jewelry -- Inexpensive jewelry made out of non-precious stones, metals and immitation gems",RM 10 - 20,RM 20 - 40,Below RM5,Implusively / Unplanned,1,1,2,Peizoeee
11/8/2020 23:21:47,Female,18 - 23,"Earrings, Necklaces, Rings (not including wedding ring), Bracelets / Cuffs, Watches","Style / Design, Price","Statement, Bold","Fashion jewelry -- Inexpensive jewelry made out of non-precious stones, metals and immitation gems",RM 20 - 30,RM 40 - 60,RM 5 - 7,Implusively / Unplanned,4,4,3,@airisharoslim
11/8/2020 23:22:49,Female,24 - 29,"Earrings, Necklaces, Watches","Style / Design, Trend, Quality, Price","Minimal, Simple","Fashion jewelry -- Inexpensive jewelry made out of non-precious stones, metals and immitation gems",RM 20 - 30,RM 60 - 80,Below RM5,Implusively / Unplanned,3,3,4,@vaishnavichandraraj
11/8/2020 23:24:35,Female,18 - 23,"Earrings, Necklaces, Rings (not including wedding ring), Bracelets / Cuffs, Watches","Style / Design, Price",Mismatch,"Fashion jewelry -- Inexpensive jewelry made out of non-precious stones, metals and immitation gems",RM 10 - 20,RM 20 - 40,RM 5 - 7,Implusively / Unplanned,3,4,3,@coystinker
11/8/2020 23:28:00,Male,18 - 23,"Necklaces, Rings (not including wedding ring)","Style / Design, Price","Minimal, Simple","Fashion jewelry -- Inexpensive jewelry made out of non-precious stones, metals and immitation gems",RM 10 - 20,RM 20 - 40,RM 5 - 7,Planned,3,3,2,@jambususo
11/9/2020 1:01:57,Female,18 - 23,"Earrings, Necklaces, Bracelets / Cuffs","Quality, Comfort",Resin Handmade,Fine / Semi-fine / Demi-fine jewelry -- Costlier and higher quality jewelry that can be worn day in and day out,Below RM 10,RM 40 - 60,RM 5 - 7,Planned,4,3,5,@sooruhh_
11/9/2020 1:04:22,Female,18 - 23,Necklaces,"Style / Design, Comfort","Minimal, Simple",Handcrafted / Handmade jewelry -- Artisan jewelry assembled or made by hand,Below RM 10,Below RM 20,Below RM5,Planned,5,2,2,ichilimm
11/9/2020 2:12:12,Male,18 - 23,"Necklaces, Rings (not including wedding ring), Bracelets / Cuffs, Watches","Quality, Comfort","Minimal, Simple","Fashion jewelry -- Inexpensive jewelry made out of non-precious stones, metals and immitation gems",RM 20 - 30,Above RM 80,RM 5 - 7,Planned,3,4,2,@farahiaziz
11/9/2020 9:31:24,Female,18 - 23,"Earrings, Necklaces, Rings (not including wedding ring), Bracelets / Cuffs, Watches, Anklets","Style / Design, Trend, Quality, Comfort, Price, Designer / Brand, Craftmanship","Minimal, Simple",Fine / Semi-fine / Demi-fine jewelry -- Costlier and higher quality jewelry that can be worn day in and day out,RM 30 - 40,Above RM 80,RM 5 - 7,Planned,4,3,5,sammmuraii
11/9/2020 10:37:38,Female,18 - 23,"Earrings, Necklaces","Style / Design, Quality","Minimal, Simple",Fine / Semi-fine / Demi-fine jewelry -- Costlier and higher quality jewelry that can be worn day in and day out,RM 20 - 30,Above RM 80,RM 5 - 7,Planned,3,4,2,@Erinaa29
11/9/2020 11:46:50,Female,18 - 23,"Earrings, Bracelets / Cuffs, Watches","Style / Design, Price",Resin Handmade,Handcrafted / Handmade jewelry -- Artisan jewelry assembled or made by hand,RM 10 - 20,Below RM 20,Below RM5,Implusively / Unplanned,4,4,3,N/A
11/9/2020 12:05:42,Female,Under 18,"Earrings, Necklaces","Style / Design, Comfort, Price, Craftmanship",Elegant,"Fashion jewelry -- Inexpensive jewelry made out of non-precious stones, metals and immitation gems",RM 10 - 20,RM 20 - 40,RM 5 - 7,Implusively / Unplanned,5,2,4,@the_smol_d
11/9/2020 13:36:47,Female,18 - 23,"Earrings, Necklaces, Rings (not including wedding ring), Bracelets / Cuffs","Style / Design, Quality, Comfort, Craftmanship",Silver Huggies,Fine / Semi-fine / Demi-fine jewelry -- Costlier and higher quality jewelry that can be worn day in and day out,RM 20 - 30,RM 60 - 80,RM 5 - 7,Planned,4,5,2,c.menlsc
11/9/2020 14:01:29,Female,18 - 23,"Earrings, Necklaces, Rings (not including wedding ring), Bracelets / Cuffs","Style / Design, Trend, Price",Silver Huggies,"Fashion jewelry -- Inexpensive jewelry made out of non-precious stones, metals and immitation gems",RM 20 - 30,RM 60 - 80,RM 5 - 7,Implusively / Unplanned,5,5,1,siewkheng_99
11/9/2020 14:24:40,Female,18 - 23,"Earrings, Necklaces, Anklets","Style / Design, Craftmanship",Mismatch,"Fashion jewelry -- Inexpensive jewelry made out of non-precious stones, metals and immitation gems",Below RM 10,RM 20 - 40,RM 5 - 7,Implusively / Unplanned,4,3,4,@kelly.vuu 
11/9/2020 14:34:26,Female,18 - 23,"Earrings, Necklaces, Rings (not including wedding ring), Bracelets / Cuffs","Style / Design, Quality","Minimal, Simple",Fine / Semi-fine / Demi-fine jewelry -- Costlier and higher quality jewelry that can be worn day in and day out,RM 10 - 20,RM 40 - 60,Below RM5,Implusively / Unplanned,4,2,3,@qiyunchong
11/9/2020 15:26:39,Female,18 - 23,"Earrings, Necklaces, Rings (not including wedding ring), Bracelets / Cuffs, Watches, Anklets","Style / Design, Trend, Quality, Price",Elegant,Handcrafted / Handmade jewelry -- Artisan jewelry assembled or made by hand,RM 20 - 30,Above RM 80,RM 5 - 7,Implusively / Unplanned,5,1,4,@xtsxt
11/9/2020 16:19:58,Female,18 - 23,"Earrings, Rings (not including wedding ring)","Style / Design, Trend, Quality, Comfort, Price","Minimal, Simple",Fine / Semi-fine / Demi-fine jewelry -- Costlier and higher quality jewelry that can be worn day in and day out,RM 20 - 30,RM 40 - 60,Below RM5,Planned,1,3,2,@amandadadadayy
11/9/2020 19:13:47,Female,18 - 23,"Earrings, Necklaces, Watches, Anklets","Style / Design, Quality",Elegant,Fine / Semi-fine / Demi-fine jewelry -- Costlier and higher quality jewelry that can be worn day in and day out,Below RM 10,RM 20 - 40,RM 5 - 7,Planned,2,3,4,@natalieciousyumm
11/9/2020 20:08:27,Female,18 - 23,"Earrings, Necklaces, Bracelets / Cuffs, Watches","Style / Design, Quality, Comfort, Price, Craftmanship",Elegant,Handcrafted / Handmade jewelry -- Artisan jewelry assembled or made by hand,RM 10 - 20,RM 20 - 40,Below RM5,Implusively / Unplanned,3,3,4,its_emilychen 
11/9/2020 20:12:28,Female,18 - 23,"Earrings, Necklaces, Bracelets / Cuffs, Watches","Style / Design, Quality, Comfort, Price, Craftmanship",Elegant,Handcrafted / Handmade jewelry -- Artisan jewelry assembled or made by hand,RM 10 - 20,RM 20 - 40,Below RM5,Implusively / Unplanned,3,3,3,its_emilychen
11/9/2020 20:13:30,Female,18 - 23,"Earrings, Necklaces, Bracelets / Cuffs, Watches","Style / Design, Quality, Comfort, Price, Craftmanship",Elegant,Handcrafted / Handmade jewelry -- Artisan jewelry assembled or made by hand,RM 10 - 20,RM 20 - 40,Below RM5,Implusively / Unplanned,3,3,3,its_emilychen
11/9/2020 20:14:36,Female,18 - 23,"Earrings, Necklaces, Bracelets / Cuffs, Watches","Style / Design, Quality, Comfort, Price, Craftmanship",Elegant,Handcrafted / Handmade jewelry -- Artisan jewelry assembled or made by hand,RM 10 - 20,RM 20 - 40,Below RM5,Implusively / Unplanned,3,3,4,its_emilychen 
11/9/2020 20:15:32,Female,18 - 23,"Earrings, Necklaces, Bracelets / Cuffs, Watches","Style / Design, Quality, Comfort, Price, Craftmanship",Elegant,Handcrafted / Handmade jewelry -- Artisan jewelry assembled or made by hand,RM 10 - 20,RM 20 - 40,Below RM5,Implusively / Unplanned,3,3,3,its_emilychen
11/10/2020 0:20:33,Female,18 - 23,"Earrings, Rings (not including wedding ring), Bracelets / Cuffs, Watches","Style / Design, Trend, Quality, Comfort, Price",Silver Huggies,"Fashion jewelry -- Inexpensive jewelry made out of non-precious stones, metals and immitation gems",RM 10 - 20,RM 60 - 80,RM 5 - 7,Implusively / Unplanned,5,3,5,@yukikii99
11/10/2020 0:33:12,Female,18 - 23,"Earrings, Necklaces","Style / Design, Price","Statement, Bold","Fashion jewelry -- Inexpensive jewelry made out of non-precious stones, metals and immitation gems",RM 10 - 20,I do not purchase fine / semi-fine / demi-fine earrings at all,Below RM5,Implusively / Unplanned,1,2,2,@ybei_
11/10/2020 9:42:28,Female,18 - 23,"Earrings, Necklaces, Bracelets / Cuffs","Style / Design, Quality, Comfort, Price, Craftmanship",Silver Huggies,"Fashion jewelry -- Inexpensive jewelry made out of non-precious stones, metals and immitation gems",Below RM 10,RM 20 - 40,Below RM5,Implusively / Unplanned,5,3,4,gracezhanen
11/10/2020 12:39:43,Female,18 - 23,"Earrings, Watches","Style / Design, Price",Silver Huggies,Fine / Semi-fine / Demi-fine jewelry -- Costlier and higher quality jewelry that can be worn day in and day out,RM 10 - 20,Below RM 20,RM 5 - 7,Implusively / Unplanned,2,3,3,sara.ych 
11/10/2020 13:59:42,Female,18 - 23,"Earrings, Necklaces, Rings (not including wedding ring), Bracelets / Cuffs","Style / Design, Price","Statement, Bold","Fashion jewelry -- Inexpensive jewelry made out of non-precious stones, metals and immitation gems",RM 10 - 20,RM 20 - 40,RM 5 - 7,Implusively / Unplanned,5,3,3,@wan_ee_
11/10/2020 14:11:21,Female,18 - 23,"Earrings, Necklaces","Style / Design, Price",Silver Huggies,Handcrafted / Handmade jewelry -- Artisan jewelry assembled or made by hand,RM 10 - 20,RM 20 - 40,RM 5 - 7,Implusively / Unplanned,5,3,5,karrotthesalmon
11/10/2020 15:58:51,Female,24 - 29,"Earrings, Necklaces, Rings (not including wedding ring), Bracelets / Cuffs, Watches","Style / Design, Quality, Comfort, Price",Elegant,"Fashion jewelry -- Inexpensive jewelry made out of non-precious stones, metals and immitation gems",RM 20 - 30,RM 20 - 40,Below RM5,Implusively / Unplanned,5,3,5,yshgwong 
11/10/2020 16:06:19,Female,18 - 23,"Earrings, Necklaces, Rings (not including wedding ring)","Quality, Craftmanship",Elegant,"Fashion jewelry -- Inexpensive jewelry made out of non-precious stones, metals and immitation gems",RM 10 - 20,RM 20 - 40,Below RM5,Planned,4,3,2,catania_sarita 
11/10/2020 18:13:42,Female,18 - 23,"Earrings, Necklaces, Rings (not including wedding ring), Watches","Style / Design, Comfort",Elegant,Handcrafted / Handmade jewelry -- Artisan jewelry assembled or made by hand,RM 10 - 20,RM 20 - 40,Above RM 7,Planned,4,2,4,audrey_egg21
11/11/2020 0:49:43,Female,18 - 23,"Earrings, Necklaces, Bracelets / Cuffs, Watches","Style / Design, Quality",Silver Huggies,Fine / Semi-fine / Demi-fine jewelry -- Costlier and higher quality jewelry that can be worn day in and day out,RM 10 - 20,RM 20 - 40,Below RM5,Implusively / Unplanned,4,2,2,___jessle___
11/11/2020 12:12:44,Female,18 - 23,"Earrings, Necklaces, Rings (not including wedding ring), Bracelets / Cuffs, Watches","Comfort, Price","Minimal, Simple","Fashion jewelry -- Inexpensive jewelry made out of non-precious stones, metals and immitation gems",RM 20 - 30,RM 40 - 60,RM 5 - 7,Implusively / Unplanned,4,3,3,@crairisha
11/11/2020 17:17:04,Female,18 - 23,Earrings,"Style / Design, Trend",Silver Huggies,"Fashion jewelry -- Inexpensive jewelry made out of non-precious stones, metals and immitation gems",RM 10 - 20,RM 20 - 40,Below RM5,Implusively / Unplanned,2,3,2,nicoleleelin
11/11/2020 17:21:15,Female,18 - 23,"Necklaces, Rings (not including wedding ring), Bracelets / Cuffs, Watches, Anklets","Style / Design, Quality, Comfort, Price, Craftmanship",Mismatch,Fine / Semi-fine / Demi-fine jewelry -- Costlier and higher quality jewelry that can be worn day in and day out,RM 20 - 30,RM 40 - 60,RM 5 - 7,Implusively / Unplanned,4,2,5,Jiaajiaaaaa
11/11/2020 17:22:10,Male,18 - 23,I don't wear jewelry,"Style / Design, Craftmanship",Resin Handmade,Handcrafted / Handmade jewelry -- Artisan jewelry assembled or made by hand,RM 30 - 40,RM 40 - 60,RM 5 - 7,Planned,3,3,5,@sharveenparam     
11/11/2020 17:27:50,Male,18 - 23,Watches,"Style / Design, Price",Resin Handmade,None of the above,RM 10 - 20,RM 40 - 60,RM 5 - 7,Implusively / Unplanned,3,5,4,@kaisheng99 
11/11/2020 17:32:47,Female,18 - 23,"Earrings, Necklaces, Rings (not including wedding ring), Bracelets / Cuffs, Watches","Style / Design, Quality, Comfort",Elegant,Fine / Semi-fine / Demi-fine jewelry -- Costlier and higher quality jewelry that can be worn day in and day out,RM 10 - 20,RM 60 - 80,Below RM5,Planned,5,3,2,@jingwei_x
11/11/2020 17:47:44,Female,18 - 23,"Earrings, Necklaces, Rings (not including wedding ring), Bracelets / Cuffs, Watches","Style / Design, Quality","Minimal, Simple",Fine / Semi-fine / Demi-fine jewelry -- Costlier and higher quality jewelry that can be worn day in and day out,RM 10 - 20,RM 60 - 80,Below RM5,Implusively / Unplanned,4,2,4,@yikeii_
11/11/2020 17:50:45,Female,18 - 23,"Earrings, Necklaces, Brooches / Pins","Style / Design, Trend, Price, Craftmanship",Mismatch,"Fashion jewelry -- Inexpensive jewelry made out of non-precious stones, metals and immitation gems",Below RM 10,RM 20 - 40,RM 5 - 7,Implusively / Unplanned,1,2,3,r_valeria00
11/11/2020 17:54:59,Female,18 - 23,"Earrings, Necklaces, Watches","Style / Design, Trend, Quality, Comfort, Price",Silver Huggies,"Fashion jewelry -- Inexpensive jewelry made out of non-precious stones, metals and immitation gems",RM 10 - 20,Below RM 20,Below RM5,Planned,3,4,4,jenniferliwen
11/11/2020 18:28:50,Female,18 - 23,"Earrings, Rings (not including wedding ring), Watches, Anklets","Style / Design, Price",Resin Handmade,Fine / Semi-fine / Demi-fine jewelry -- Costlier and higher quality jewelry that can be worn day in and day out,RM 20 - 30,RM 40 - 60,Below RM5,Planned,3,3,5,x_ufern 
11/11/2020 18:33:54,Female,18 - 23,"Earrings, Necklaces","Style / Design, Quality, Comfort, Craftmanship",Resin Handmade,Fine / Semi-fine / Demi-fine jewelry -- Costlier and higher quality jewelry that can be worn day in and day out,RM 20 - 30,Above RM 80,RM 5 - 7,Planned,3,1,4,WhatsApp 0172829027
11/11/2020 18:36:55,Male,18 - 23,Watches,"Style / Design, Comfort",Silver Huggies,None of the above,RM 20 - 30,RM 40 - 60,Below RM5,Implusively / Unplanned,1,3,4,N/a
11/11/2020 18:38:14,Female,18 - 23,"Earrings, Rings (not including wedding ring)","Quality, Craftmanship","Minimal, Simple",None of the above,RM 10 - 20,RM 40 - 60,RM 5 - 7,Implusively / Unplanned,2,3,4,suyeetsy
11/11/2020 18:59:24,Female,18 - 23,"Earrings, Necklaces, Bracelets / Cuffs","Style / Design, Comfort, Price","Statement, Bold","Fashion jewelry -- Inexpensive jewelry made out of non-precious stones, metals and immitation gems",RM 10 - 20,Below RM 20,RM 5 - 7,Implusively / Unplanned,2,2,4,qiwen1221
11/11/2020 19:03:13,Male,18 - 23,Watches,"Style / Design, Quality",Silver Huggies,None of the above,I do not purchase fashion earrings at all,I do not purchase fine / semi-fine / demi-fine earrings at all,RM 5 - 7,Planned,2,5,3,@kimchi_papi_
11/11/2020 19:19:49,Female,24 - 29,"Earrings, Necklaces, Bracelets / Cuffs, Watches","Style / Design, Trend, Quality, Comfort, Price, Designer / Brand, Craftmanship",Elegant,Fine / Semi-fine / Demi-fine jewelry -- Costlier and higher quality jewelry that can be worn day in and day out,Below RM 10,Below RM 20,Below RM5,Planned,4,3,3,gnily99
11/11/2020 19:21:05,Female,24 - 29,"Earrings, Rings (not including wedding ring), Watches","Style / Design, Quality",Elegant,"Fashion jewelry -- Inexpensive jewelry made out of non-precious stones, metals and immitation gems",Below RM 10,Below RM 20,RM 5 - 7,Implusively / Unplanned,5,5,5,@vivienlmy
11/11/2020 19:22:28,Female,18 - 23,"Earrings, Necklaces","Style / Design, Trend, Quality, Comfort, Price, Designer / Brand, Craftmanship","Minimal, Simple","Fashion jewelry -- Inexpensive jewelry made out of non-precious stones, metals and immitation gems",RM 10 - 20,Below RM 20,Below RM5,Planned,3,3,5,_quinn.co
11/11/2020 19:42:01,Female,18 - 23,"Rings (not including wedding ring), Bracelets / Cuffs, Watches","Style / Design, Quality","Minimal, Simple",Fine / Semi-fine / Demi-fine jewelry -- Costlier and higher quality jewelry that can be worn day in and day out,RM 20 - 30,RM 60 - 80,RM 5 - 7,Planned,2,2,2,@meixinnn
11/11/2020 19:45:02,Female,18 - 23,"Earrings, Necklaces, Rings (not including wedding ring), Bracelets / Cuffs, Watches","Style / Design, Trend, Price, Craftmanship",Elegant,"Fashion jewelry -- Inexpensive jewelry made out of non-precious stones, metals and immitation gems",RM 10 - 20,RM 20 - 40,Below RM5,Implusively / Unplanned,2,3,4,_samanthaho
11/11/2020 19:48:45,Female,18 - 23,"Rings (not including wedding ring), Bracelets / Cuffs","Style / Design, Price",Mismatch,"Fashion jewelry -- Inexpensive jewelry made out of non-precious stones, metals and immitation gems",RM 20 - 30,RM 40 - 60,RM 5 - 7,Planned,4,2,5,@tehyien 
11/11/2020 21:32:30,Female,24 - 29,"Earrings, Necklaces, Rings (not including wedding ring), Watches","Style / Design, Quality, Comfort, Price",Silver Huggies,"Fashion jewelry -- Inexpensive jewelry made out of non-precious stones, metals and immitation gems",Below RM 10,RM 20 - 40,RM 5 - 7,Planned,4,3,4,gkzoe
11/11/2020 21:59:37,Female,18 - 23,"Earrings, Necklaces, Rings (not including wedding ring), Bracelets / Cuffs, Anklets","Style / Design, Quality, Designer / Brand, Craftmanship",Resin Handmade,Fine / Semi-fine / Demi-fine jewelry -- Costlier and higher quality jewelry that can be worn day in and day out,RM 30 - 40,RM 40 - 60,Below RM5,Planned,4,4,5,@ri___vain
11/11/2020 22:25:04,Female,18 - 23,"Earrings, Necklaces, Rings (not including wedding ring), Bracelets / Cuffs","Style / Design, Quality, Designer / Brand",Silver Huggies,Fine / Semi-fine / Demi-fine jewelry -- Costlier and higher quality jewelry that can be worn day in and day out,I do not purchase fashion earrings at all,Above RM 80,Below RM5,Planned,1,3,2,N/a
11/11/2020 23:28:03,Female,18 - 23,"Earrings, Necklaces, Bracelets / Cuffs, Watches, Brooches / Pins","Style / Design, Trend, Quality, Price, Craftmanship",Elegant,"Fashion jewelry -- Inexpensive jewelry made out of non-precious stones, metals and immitation gems",RM 10 - 20,Below RM 20,RM 5 - 7,Implusively / Unplanned,2,3,3,@_kahhan
11/12/2020 0:23:50,Female,24 - 29,"Earrings, Necklaces, Watches","Style / Design, Quality, Comfort, Price, Craftmanship","Minimal, Simple",Handcrafted / Handmade jewelry -- Artisan jewelry assembled or made by hand,RM 10 - 20,RM 20 - 40,Below RM5,Implusively / Unplanned,3,3,2,harnyyy
11/12/2020 0:45:45,Female,18 - 23,"Earrings, Necklaces, Watches","Style / Design, Quality, Comfort, Price, Craftmanship",Elegant,Fine / Semi-fine / Demi-fine jewelry -- Costlier and higher quality jewelry that can be worn day in and day out,Below RM 10,RM 20 - 40,Below RM5,Implusively / Unplanned,1,1,2,jessler.js
11/12/2020 5:56:37,Female,18 - 23,"Earrings, Rings (not including wedding ring)","Style / Design, Quality",Silver Huggies,"Fashion jewelry -- Inexpensive jewelry made out of non-precious stones, metals and immitation gems",RM 10 - 20,I do not purchase fine / semi-fine / demi-fine earrings at all,RM 5 - 7,Implusively / Unplanned,5,3,3,@briannamoooonts
11/12/2020 15:52:23,Female,Under 18,"Earrings, Necklaces, Rings (not including wedding ring), Bracelets / Cuffs, Anklets","Style / Design, Trend, Quality, Comfort, Craftmanship","Minimal, Simple",Handcrafted / Handmade jewelry -- Artisan jewelry assembled or made by hand,Below RM 10,RM 20 - 40,Below RM5,Implusively / Unplanned,5,1,5,yxlnda
11/12/2020 17:17:02,Female,30+,"Earrings, Rings (not including wedding ring), Anklets","Quality, Designer / Brand",Silver Huggies,Fine / Semi-fine / Demi-fine jewelry -- Costlier and higher quality jewelry that can be worn day in and day out,RM 30 - 40,RM 60 - 80,RM 5 - 7,Implusively / Unplanned,5,5,5,uuhn_yee
11/13/2020 9:45:55,Male,18 - 23,"Necklaces, Rings (not including wedding ring), Anklets","Quality, Comfort","Minimal, Simple",Handcrafted / Handmade jewelry -- Artisan jewelry assembled or made by hand,RM 20 - 30,RM 40 - 60,Above RM 7,Implusively / Unplanned,3,3,5,@sssandan
11/13/2020 10:21:23,Male,24 - 29,I don't wear jewelry,"Style / Design, Craftmanship",Elegant,None of the above,RM 10 - 20,RM 40 - 60,RM 5 - 7,Implusively / Unplanned,3,5,2,Rasy
11/13/2020 10:24:48,Female,18 - 23,"Earrings, Rings (not including wedding ring), Watches","Style / Design, Quality",Elegant,"Fashion jewelry -- Inexpensive jewelry made out of non-precious stones, metals and immitation gems",RM 10 - 20,RM 60 - 80,Below RM5,Implusively / Unplanned,3,2,3,meinlee_
11/13/2020 10:38:50,Female,18 - 23,Earrings,"Style / Design, Quality","Minimal, Simple","Fashion jewelry -- Inexpensive jewelry made out of non-precious stones, metals and immitation gems",Below RM 10,RM 60 - 80,Below RM5,Planned,2,4,2,@foodadventureswme
11/13/2020 11:27:11,Female,Under 18,Earrings,"Style / Design, Quality, Craftmanship",itâ€™s either silver huggies or mismatched,"Fashion jewelry -- Inexpensive jewelry made out of non-precious stones, metals and immitation gems",Below RM 10,Below RM 20,Below RM5,Implusively / Unplanned,3,4,4,@_siew_later_
11/13/2020 11:49:03,Female,18 - 23,"Earrings, Necklaces, Rings (not including wedding ring), Bracelets / Cuffs","Style / Design, Quality",Elegant,Fine / Semi-fine / Demi-fine jewelry -- Costlier and higher quality jewelry that can be worn day in and day out,RM 10 - 20,RM 60 - 80,RM 5 - 7,Implusively / Unplanned,4,2,4,@eugeniemunn
11/13/2020 12:39:10,Female,18 - 23,Earrings,"Quality, Comfort","Minimal, Simple",Fine / Semi-fine / Demi-fine jewelry -- Costlier and higher quality jewelry that can be worn day in and day out,RM 10 - 20,RM 40 - 60,Below RM5,Planned,2,3,1,yumei_khi
11/13/2020 12:52:35,Female,18 - 23,Earrings,"Style / Design, Comfort",Silver Huggies,Fine / Semi-fine / Demi-fine jewelry -- Costlier and higher quality jewelry that can be worn day in and day out,RM 10 - 20,RM 40 - 60,Below RM5,Planned,3,2,1,mz.kyo
11/14/2020 2:02:51,Male,18 - 23,"Necklaces, Bracelets / Cuffs, Watches","Style / Design, Comfort, Price","Minimal, Simple",Handcrafted / Handmade jewelry -- Artisan jewelry assembled or made by hand,RM 20 - 30,RM 60 - 80,RM 5 - 7,Implusively / Unplanned,3,2,3,NA
11/15/2020 14:03:57,Female,18 - 23,"Earrings, Necklaces, Rings (not including wedding ring), Bracelets / Cuffs, Watches, Anklets","Style / Design, Quality","Minimal, Simple",Fine / Semi-fine / Demi-fine jewelry -- Costlier and higher quality jewelry that can be worn day in and day out,RM 20 - 30,RM 40 - 60,Below RM5,Planned,5,4,3,@nataliemlyx
11/15/2020 19:34:05,Female,18 - 23,"Earrings, Necklaces, Bracelets / Cuffs, Watches","Comfort, Price",Resin Handmade,"Fashion jewelry -- Inexpensive jewelry made out of non-precious stones, metals and immitation gems",Below RM 10,Below RM 20,Below RM5,Implusively / Unplanned,2,2,5,@dorothyyeong
11/17/2020 12:56:18,Female,24 - 29,"Earrings, Necklaces, Rings (not including wedding ring), Watches, Anklets","Style / Design, Quality, Comfort, Price, Craftmanship","Minimal, Simple",Fine / Semi-fine / Demi-fine jewelry -- Costlier and higher quality jewelry that can be worn day in and day out,RM 10 - 20,RM 20 - 40,Below RM5,Planned,3,3,5,charmaineyeap
11/18/2020 20:24:09,Female,18 - 23,"Earrings, Rings (not including wedding ring), Bracelets / Cuffs","Style / Design, Comfort",Silver Huggies,"Fashion jewelry -- Inexpensive jewelry made out of non-precious stones, metals and immitation gems",RM 20 - 30,RM 20 - 40,RM 5 - 7,Implusively / Unplanned,4,4,2,l3.59am
11/19/2020 5:27:00,Female,18 - 23,"Earrings, Rings (not including wedding ring), Bracelets / Cuffs","Style / Design, Craftmanship",Mismatch,"Fashion jewelry -- Inexpensive jewelry made out of non-precious stones, metals and immitation gems",RM 20 - 30,RM 40 - 60,RM 5 - 7,Implusively / Unplanned,3,3,4,celinetaan
11/19/2020 9:53:36,Female,Under 18,"Earrings, Necklaces, Bracelets / Cuffs","Style / Design, Quality, Craftmanship",Silver Huggies,Handcrafted / Handmade jewelry -- Artisan jewelry assembled or made by hand,RM 10 - 20,RM 20 - 40,RM 5 - 7,Implusively / Unplanned,4,3,4,Vs07f
11/19/2020 9:53:58,Female,24 - 29,"Necklaces, Bracelets / Cuffs","Style / Design, Quality, Price",Elegant,Handcrafted / Handmade jewelry -- Artisan jewelry assembled or made by hand,RM 20 - 30,RM 20 - 40,RM 5 - 7,Implusively / Unplanned,3,2,2,Leencoolbeans
11/19/2020 9:57:06,Male,30+,"Necklaces, Rings (not including wedding ring), Bracelets / Cuffs","Style / Design, Quality, Comfort, Price, Craftmanship","Minimal, Simple",Handcrafted / Handmade jewelry -- Artisan jewelry assembled or made by hand,Above RM 40,Above RM 80,RM 5 - 7,Planned,3,4,5,@ameereeka
11/19/2020 10:30:59,Female,24 - 29,"Earrings, Necklaces, Rings (not including wedding ring), Bracelets / Cuffs","Style / Design, Quality, Price, Craftmanship",Silver Huggies,Handcrafted / Handmade jewelry -- Artisan jewelry assembled or made by hand,RM 20 - 30,RM 40 - 60,Below RM5,Implusively / Unplanned,2,2,2,Justmemoney
11/19/2020 10:31:18,Female,18 - 23,"Earrings, Necklaces, Rings (not including wedding ring), Bracelets / Cuffs, Watches","Style / Design, Trend, Quality, Price",Elegant,"Fashion jewelry -- Inexpensive jewelry made out of non-precious stones, metals and immitation gems",RM 10 - 20,RM 40 - 60,Below RM5,Implusively / Unplanned,5,1,3,@fiocupu
11/19/2020 10:51:36,Female,18 - 23,"Earrings, Necklaces","Style / Design, Quality, Price, Craftmanship","Minimal, Simple",Handcrafted / Handmade jewelry -- Artisan jewelry assembled or made by hand,Below RM 10,RM 20 - 40,RM 5 - 7,Planned,3,4,2,@kelynn_lee
11/19/2020 11:09:22,Female,Under 18,"Earrings, Necklaces, Rings (not including wedding ring), Anklets","Style / Design, Quality, Price",Silver Huggies,"Fashion jewelry -- Inexpensive jewelry made out of non-precious stones, metals and immitation gems",RM 10 - 20,RM 20 - 40,Below RM5,Implusively / Unplanned,4,3,5,@milopingkawww
11/19/2020 11:25:32,Female,18 - 23,"Earrings, Rings (not including wedding ring)",Style / Design,Silver Huggies,Fine / Semi-fine / Demi-fine jewelry -- Costlier and higher quality jewelry that can be worn day in and day out,Above RM 40,Above RM 80,Above RM 7,Implusively / Unplanned,3,3,1,j0ey.k
11/19/2020 11:35:24,Female,18 - 23,"Earrings, Necklaces, Bracelets / Cuffs","Style / Design, Quality","Minimal, Simple",Fine / Semi-fine / Demi-fine jewelry -- Costlier and higher quality jewelry that can be worn day in and day out,RM 20 - 30,RM 40 - 60,Below RM5,Implusively / Unplanned,4,2,3,@sheryyllee
11/19/2020 14:35:29,Female,18 - 23,"Earrings, Necklaces","Style / Design, Price",Mismatch,Fine / Semi-fine / Demi-fine jewelry -- Costlier and higher quality jewelry that can be worn day in and day out,Above RM 40,RM 60 - 80,RM 5 - 7,Implusively / Unplanned,5,2,5,susannaking._
11/19/2020 14:38:28,Female,18 - 23,"Earrings, Necklaces, Bracelets / Cuffs","Style / Design, Trend, Quality, Comfort, Price","Minimal, Simple","Fashion jewelry -- Inexpensive jewelry made out of non-precious stones, metals and immitation gems",Below RM 10,RM 20 - 40,Below RM5,Implusively / Unplanned,5,5,4,gracezhanen
11/19/2020 15:31:02,Female,18 - 23,"Earrings, Bracelets / Cuffs, Watches","Style / Design, Price",Elegant,"Fashion jewelry -- Inexpensive jewelry made out of non-precious stones, metals and immitation gems",Below RM 10,RM 20 - 40,RM 5 - 7,Planned,5,2,3,___sarahjane__
11/19/2020 17:42:47,Female,18 - 23,"Earrings, Necklaces, Rings (not including wedding ring), Bracelets / Cuffs","Style / Design, Trend",Mismatch,"Fashion jewelry -- Inexpensive jewelry made out of non-precious stones, metals and immitation gems",RM 10 - 20,RM 20 - 40,Below RM5,Implusively / Unplanned,3,2,3,joyemiliaboh
11/19/2020 20:59:53,Female,18 - 23,"Earrings, Necklaces, Rings (not including wedding ring), Bracelets / Cuffs, Watches","Style / Design, Quality",Elegant,Fine / Semi-fine / Demi-fine jewelry -- Costlier and higher quality jewelry that can be worn day in and day out,RM 10 - 20,RM 40 - 60,Below RM5,Planned,2,4,4,zoweexoxo
11/21/2020 7:51:34,Female,18 - 23,"Earrings, Necklaces","Style / Design, Quality, Price, Designer / Brand",Silver Huggies,"Fashion jewelry -- Inexpensive jewelry made out of non-precious stones, metals and immitation gems",RM 30 - 40,RM 20 - 40,Below RM5,Implusively / Unplanned,3,4,5,chloeelimm_
11/21/2020 10:48:57,Female,18 - 23,"Necklaces, Rings (not including wedding ring)","Style / Design, Price",Mismatch,Handcrafted / Handmade jewelry -- Artisan jewelry assembled or made by hand,I do not purchase fashion earrings at all,I do not purchase fine / semi-fine / demi-fine earrings at all,Above RM 7,Implusively / Unplanned,4,3,3,evianlim
11/21/2020 11:09:53,Male,18 - 23,I don't wear jewelry,"Style / Design, Designer / Brand",Elegant,Fine / Semi-fine / Demi-fine jewelry -- Costlier and higher quality jewelry that can be worn day in and day out,I do not purchase fashion earrings at all,RM 20 - 40,Below RM5,Implusively / Unplanned,3,3,4,limjovi7
11/21/2020 11:16:24,Female,18 - 23,"Earrings, Necklaces","Style / Design, Quality, Price, Craftmanship",Silver Huggies,Fine / Semi-fine / Demi-fine jewelry -- Costlier and higher quality jewelry that can be worn day in and day out,RM 10 - 20,RM 20 - 40,Below RM5,Implusively / Unplanned,4,3,3,@quaaahhhh
11/21/2020 11:17:21,Female,18 - 23,"Earrings, Necklaces, Rings (not including wedding ring), Bracelets / Cuffs, Watches","Style / Design, Trend, Quality, Comfort, Price, Designer / Brand, Craftmanship","Statement, Bold",Fine / Semi-fine / Demi-fine jewelry -- Costlier and higher quality jewelry that can be worn day in and day out,Below RM 10,Below RM 20,RM 5 - 7,Implusively / Unplanned,2,4,1,Jan 
11/21/2020 11:59:43,Female,18 - 23,"Earrings, Necklaces","Style / Design, Quality, Comfort",Silver Huggies,Fine / Semi-fine / Demi-fine jewelry -- Costlier and higher quality jewelry that can be worn day in and day out,RM 30 - 40,RM 40 - 60,RM 5 - 7,Planned,2,5,2,@celiseng
11/21/2020 12:34:10,Female,18 - 23,"Necklaces, Rings (not including wedding ring), Bracelets / Cuffs","Style / Design, Trend",Mismatch,Fine / Semi-fine / Demi-fine jewelry -- Costlier and higher quality jewelry that can be worn day in and day out,Above RM 40,Above RM 80,RM 5 - 7,Planned,4,4,4,shlzhe
11/21/2020 13:21:04,Female,18 - 23,Earrings,"Style / Design, Quality",Mismatch,"Fashion jewelry -- Inexpensive jewelry made out of non-precious stones, metals and immitation gems",RM 20 - 30,RM 60 - 80,RM 5 - 7,Implusively / Unplanned,3,4,4,@pwincesssoya
11/21/2020 14:57:56,Female,18 - 23,"Earrings, Necklaces, Rings (not including wedding ring), Watches","Style / Design, Trend, Quality, Designer / Brand, Craftmanship","Minimal, Simple","Fashion jewelry -- Inexpensive jewelry made out of non-precious stones, metals and immitation gems",RM 10 - 20,RM 40 - 60,Below RM5,Implusively / Unplanned,4,4,2,jialingg__
11/21/2020 14:58:23,Male,18 - 23,"Bracelets / Cuffs, Watches","Style / Design, Quality, Comfort","Minimal, Simple","Fashion jewelry -- Inexpensive jewelry made out of non-precious stones, metals and immitation gems",RM 20 - 30,RM 20 - 40,Below RM5,Implusively / Unplanned,4,1,4,teikjian
11/21/2020 14:59:25,Female,18 - 23,"Necklaces, Bracelets / Cuffs","Quality, Comfort, Craftmanship",Elegant,Handcrafted / Handmade jewelry -- Artisan jewelry assembled or made by hand,Below RM 10,RM 40 - 60,RM 5 - 7,Implusively / Unplanned,3,4,2,Hi bij I miss you 
11/21/2020 15:09:03,Male,18 - 23,I don't wear jewelry,"Style / Design, Trend, Quality, Comfort, Price",Elegant,None of the above,I do not purchase fashion earrings at all,I do not purchase fine / semi-fine / demi-fine earrings at all,Below RM5,Planned,2,2,2,n/a
11/21/2020 15:10:08,Male,18 - 23,Earrings,"Style / Design, Quality, Comfort",Silver Huggies,Handcrafted / Handmade jewelry -- Artisan jewelry assembled or made by hand,Above RM 40,RM 20 - 40,RM 5 - 7,Implusively / Unplanned,3,3,2,bryenaeria
11/21/2020 15:49:40,Male,18 - 23,"Necklaces, Watches","Style / Design, Price",Silver Huggies,None of the above,I do not purchase fashion earrings at all,RM 20 - 40,Below RM5,Planned,2,3,4,yuchennlee
11/21/2020 16:33:32,Male,18 - 23,Earrings,"Style / Design, Quality, Comfort",Silver Huggies,Handcrafted / Handmade jewelry -- Artisan jewelry assembled or made by hand,Above RM 40,RM 20 - 40,RM 5 - 7,Implusively / Unplanned,3,3,2,bryenaeria
11/21/2020 16:42:36,Male,18 - 23,"Necklaces, Bracelets / Cuffs, Watches","Style / Design, Price",Elegant,"Fashion jewelry -- Inexpensive jewelry made out of non-precious stones, metals and immitation gems",I do not purchase fashion earrings at all,RM 20 - 40,RM 5 - 7,Implusively / Unplanned,5,1,3,N/a
11/21/2020 16:49:27,Female,Under 18,"Earrings, Rings (not including wedding ring), Watches","Style / Design, Quality",Silver Huggies,"Fashion jewelry -- Inexpensive jewelry made out of non-precious stones, metals and immitation gems",RM 10 - 20,RM 20 - 40,Below RM5,Planned,5,5,5,piikaa._
11/21/2020 17:36:44,Female,Under 18,"Earrings, Necklaces, Rings (not including wedding ring), Bracelets / Cuffs, Watches","Style / Design, Quality",Silver Huggies,Fine / Semi-fine / Demi-fine jewelry -- Costlier and higher quality jewelry that can be worn day in and day out,RM 10 - 20,Below RM 20,RM 5 - 7,Implusively / Unplanned,3,3,4,@vanessa0318__
11/21/2020 17:36:49,Female,Under 18,"Earrings, Necklaces, Rings (not including wedding ring), Bracelets / Cuffs, Watches","Style / Design, Quality",Silver Huggies,Fine / Semi-fine / Demi-fine jewelry -- Costlier and higher quality jewelry that can be worn day in and day out,RM 10 - 20,Below RM 20,RM 5 - 7,Implusively / Unplanned,3,3,4,@vanessa0318__
11/21/2020 17:46:35,Female,18 - 23,"Necklaces, Rings (not including wedding ring), Bracelets / Cuffs","Style / Design, Price",Silver Huggies,"Fashion jewelry -- Inexpensive jewelry made out of non-precious stones, metals and immitation gems",RM 10 - 20,RM 20 - 40,RM 5 - 7,Implusively / Unplanned,5,4,2,wenmitt
11/21/2020 17:54:15,Female,30+,Earrings,"Style / Design, Trend",Resin Handmade,"Fashion jewelry -- Inexpensive jewelry made out of non-precious stones, metals and immitation gems",RM 20 - 30,RM 20 - 40,RM 5 - 7,Implusively / Unplanned,4,1,1,premamargali24 
11/21/2020 17:54:39,Female,24 - 29,"Earrings, Necklaces, Rings (not including wedding ring), Bracelets / Cuffs","Style / Design, Price",Silver Huggies,"Fashion jewelry -- Inexpensive jewelry made out of non-precious stones, metals and immitation gems",RM 10 - 20,Below RM 20,Below RM5,Implusively / Unplanned,3,3,3,@Missnayyaa
11/21/2020 18:00:14,Female,30+,"Earrings, Necklaces, Rings (not including wedding ring), Bracelets / Cuffs, Watches","Style / Design, Craftmanship","Minimal, Simple",Handcrafted / Handmade jewelry -- Artisan jewelry assembled or made by hand,Above RM 40,RM 60 - 80,Above RM 7,Implusively / Unplanned,5,5,5,marywong570 
11/21/2020 18:02:26,Female,18 - 23,"Earrings, Necklaces, Watches","Style / Design, Trend","Minimal, Simple","Fashion jewelry -- Inexpensive jewelry made out of non-precious stones, metals and immitation gems",RM 10 - 20,RM 40 - 60,RM 5 - 7,Planned,3,3,2,oqueniee_e
11/21/2020 18:06:02,Female,18 - 23,Earrings,"Style / Design, Quality, Comfort","Minimal, Simple","Fashion jewelry -- Inexpensive jewelry made out of non-precious stones, metals and immitation gems",RM 20 - 30,Above RM 80,RM 5 - 7,Implusively / Unplanned,4,2,4,hyeyx
11/21/2020 18:07:18,Female,Under 18,"Earrings, Necklaces, Rings (not including wedding ring), Bracelets / Cuffs, Anklets","Style / Design, Trend, Price",Mismatch,"Fashion jewelry -- Inexpensive jewelry made out of non-precious stones, metals and immitation gems",RM 10 - 20,Below RM 20,RM 5 - 7,Implusively / Unplanned,4,3,3,_kiro.m 
11/21/2020 18:07:36,Female,18 - 23,"Earrings, Necklaces",Style / Design,Elegant,None of the above,I do not purchase fashion earrings at all,I do not purchase fine / semi-fine / demi-fine earrings at all,RM 5 - 7,Planned,5,4,5,@lennyejg
11/21/2020 18:07:43,Female,30+,"Earrings, Necklaces, Bracelets / Cuffs","Style / Design, Quality","Minimal, Simple","Fashion jewelry -- Inexpensive jewelry made out of non-precious stones, metals and immitation gems",Below RM 10,RM 20 - 40,Below RM5,Implusively / Unplanned,4,3,3,yeelian88 
11/21/2020 18:09:15,Female,18 - 23,"Earrings, Necklaces, Watches","Style / Design, Trend","Minimal, Simple",Handcrafted / Handmade jewelry -- Artisan jewelry assembled or made by hand,RM 20 - 30,RM 40 - 60,RM 5 - 7,Implusively / Unplanned,5,1,3,@_kai_sian_
11/21/2020 18:24:43,Female,18 - 23,"Earrings, Necklaces, Rings (not including wedding ring), Bracelets / Cuffs, Watches","Quality, Price",Mismatch,"Fashion jewelry -- Inexpensive jewelry made out of non-precious stones, metals and immitation gems",RM 10 - 20,RM 20 - 40,RM 5 - 7,Implusively / Unplanned,4,2,4,kathytsai_43
11/21/2020 18:39:57,Female,30+,"Earrings, Bracelets / Cuffs","Style / Design, Trend, Quality","Minimal, Simple","Fashion jewelry -- Inexpensive jewelry made out of non-precious stones, metals and immitation gems",RM 20 - 30,RM 20 - 40,Below RM5,Implusively / Unplanned,4,3,3,@mumsgather
11/21/2020 18:42:55,Female,18 - 23,"Earrings, Necklaces, Bracelets / Cuffs, Watches, Nose ring","Comfort, Craftmanship","Statement, Bold",Fine / Semi-fine / Demi-fine jewelry -- Costlier and higher quality jewelry that can be worn day in and day out,RM 20 - 30,RM 40 - 60,RM 5 - 7,Implusively / Unplanned,4,2,5,_strawberry_sundae
11/21/2020 18:44:24,Female,30+,Earrings,"Style / Design, Price",Elegant,Fine / Semi-fine / Demi-fine jewelry -- Costlier and higher quality jewelry that can be worn day in and day out,RM 10 - 20,RM 20 - 40,Below RM5,Implusively / Unplanned,3,3,5,Sasha.Tan
11/21/2020 18:53:27,Female,24 - 29,"Earrings, Rings (not including wedding ring), Bracelets / Cuffs, Watches","Style / Design, Trend, Quality, Comfort, Price, Designer / Brand",Mismatch,"Fashion jewelry -- Inexpensive jewelry made out of non-precious stones, metals and immitation gems",RM 10 - 20,Below RM 20,Below RM5,Implusively / Unplanned,5,1,5,rachellee0426
11/21/2020 19:00:12,Female,30+,"Earrings, Watches","Style / Design, Comfort","Minimal, Simple","Fashion jewelry -- Inexpensive jewelry made out of non-precious stones, metals and immitation gems",RM 10 - 20,RM 40 - 60,RM 5 - 7,Implusively / Unplanned,1,3,1,@jrupini
11/21/2020 19:36:17,Female,18 - 23,"Earrings, Necklaces, Bracelets / Cuffs","Style / Design, Trend","Minimal, Simple","Fashion jewelry -- Inexpensive jewelry made out of non-precious stones, metals and immitation gems",RM 10 - 20,RM 40 - 60,Below RM5,Implusively / Unplanned,5,2,4,@Ywaith01 
11/21/2020 19:37:11,Female,Under 18,"Earrings, Necklaces, Rings (not including wedding ring), Watches","Style / Design, Price","Minimal, Simple","Fashion jewelry -- Inexpensive jewelry made out of non-precious stones, metals and immitation gems",Below RM 10,RM 20 - 40,RM 5 - 7,Planned,1,1,4,leticialariche
11/21/2020 19:39:23,Female,18 - 23,"Earrings, Necklaces, Rings (not including wedding ring), Bracelets / Cuffs, Watches","Style / Design, Comfort",Elegant,Handcrafted / Handmade jewelry -- Artisan jewelry assembled or made by hand,Below RM 10,RM 20 - 40,Below RM5,Implusively / Unplanned,5,5,4,Niceeverr12 
11/21/2020 19:39:27,Female,18 - 23,"Earrings, Necklaces","Style / Design, Comfort, Price",Mismatch,Fine / Semi-fine / Demi-fine jewelry -- Costlier and higher quality jewelry that can be worn day in and day out,RM 10 - 20,RM 20 - 40,Below RM5,Implusively / Unplanned,4,4,3,shuwen1224
11/21/2020 19:48:11,Female,24 - 29,Earrings,"Style / Design, Trend",Mismatch,"Fashion jewelry -- Inexpensive jewelry made out of non-precious stones, metals and immitation gems",RM 10 - 20,Below RM 20,RM 5 - 7,Implusively / Unplanned,5,5,5,winni_gemini666
11/21/2020 20:06:51,Female,Under 18,"Earrings, Necklaces, Bracelets / Cuffs, Watches, Brooches / Pins","Style / Design, Quality, Comfort, Price",Mismatch,Fine / Semi-fine / Demi-fine jewelry -- Costlier and higher quality jewelry that can be worn day in and day out,RM 10 - 20,Below RM 20,Below RM5,Implusively / Unplanned,2,3,5,@nrshisya 
11/21/2020 20:06:54,Female,18 - 23,"Earrings, Necklaces, Rings (not including wedding ring), Bracelets / Cuffs, Watches","Style / Design, Trend","Minimal, Simple","Fashion jewelry -- Inexpensive jewelry made out of non-precious stones, metals and immitation gems",Below RM 10,RM 40 - 60,Below RM5,Implusively / Unplanned,5,3,3,selinaachau
11/21/2020 20:20:22,Female,Under 18,"Earrings, Necklaces, Rings (not including wedding ring), Bracelets / Cuffs, Watches","Trend, Price",Silver Huggies,"Fashion jewelry -- Inexpensive jewelry made out of non-precious stones, metals and immitation gems",Below RM 10,Below RM 20,RM 5 - 7,Implusively / Unplanned,3,5,5,@_nonghannah_
11/21/2020 20:24:53,Female,18 - 23,"Earrings, Necklaces, Watches, Anklets, Brooches / Pins","Style / Design, Comfort",Silver Huggies,"Fashion jewelry -- Inexpensive jewelry made out of non-precious stones, metals and immitation gems",RM 20 - 30,Below RM 20,RM 5 - 7,Implusively / Unplanned,4,5,5,0146372663
11/21/2020 20:28:31,Female,24 - 29,"Earrings, Necklaces, Rings (not including wedding ring), Bracelets / Cuffs, Watches","Style / Design, Quality, Comfort, Price, Craftmanship",Elegant,Fine / Semi-fine / Demi-fine jewelry -- Costlier and higher quality jewelry that can be worn day in and day out,RM 10 - 20,RM 20 - 40,Below RM5,Implusively / Unplanned,4,5,5,kimberlyjenta
11/21/2020 21:02:52,Female,18 - 23,"Earrings, Necklaces, Watches","Style / Design, Quality, Price, Craftmanship",Mismatch,Fine / Semi-fine / Demi-fine jewelry -- Costlier and higher quality jewelry that can be worn day in and day out,RM 20 - 30,RM 20 - 40,Below RM5,Planned,1,3,5,camillaaa0911
11/21/2020 21:03:52,Female,Under 18,"Earrings, Necklaces, Bracelets / Cuffs, Watches","Style / Design, Quality, Comfort, Price",Silver Huggies,"Fashion jewelry -- Inexpensive jewelry made out of non-precious stones, metals and immitation gems",RM 10 - 20,Below RM 20,,Implusively / Unplanned,1,1,3,moonxivy_ivxlyn
11/21/2020 21:22:40,Female,30+,"Earrings, Necklaces, Bracelets / Cuffs, Watches","Style / Design, Trend, Comfort, Price, Craftmanship",Elegant,Fine / Semi-fine / Demi-fine jewelry -- Costlier and higher quality jewelry that can be worn day in and day out,RM 10 - 20,RM 60 - 80,Below RM5,Implusively / Unplanned,3,2,4,Ruth_Art123
11/21/2020 21:32:35,Female,Under 18,"Earrings, Necklaces, Bracelets / Cuffs, Watches, Brooches / Pins","Comfort, Price",Gold Earings,"Fashion jewelry -- Inexpensive jewelry made out of non-precious stones, metals and immitation gems",RM 10 - 20,RM 20 - 40,RM 5 - 7,Implusively / Unplanned,5,5,5,@mia_sara_lover_
11/21/2020 21:54:42,Female,30+,"Earrings, Necklaces, Rings (not including wedding ring), Bracelets / Cuffs, Watches","Style / Design, Quality, Comfort, Price, Craftmanship",Resin Handmade,Handcrafted / Handmade jewelry -- Artisan jewelry assembled or made by hand,RM 20 - 30,Above RM 80,RM 5 - 7,Implusively / Unplanned,4,2,5,Thehappymalaysian
11/21/2020 22:01:46,Female,30+,"Earrings, Necklaces, Watches","Style / Design, Comfort, Price, Craftmanship",Elegant,"Fashion jewelry -- Inexpensive jewelry made out of non-precious stones, metals and immitation gems",RM 10 - 20,RM 40 - 60,Below RM5,Implusively / Unplanned,4,1,4,shejayne
11/21/2020 22:35:18,Female,24 - 29,"Earrings, Necklaces, Rings (not including wedding ring), Bracelets / Cuffs","Style / Design, Trend",Elegant,"Fashion jewelry -- Inexpensive jewelry made out of non-precious stones, metals and immitation gems",Above RM 40,RM 40 - 60,Above RM 7,Planned,5,5,5,Ah_jaynee
11/21/2020 22:37:25,Female,24 - 29,Earrings,"Style / Design, Comfort","Minimal, Simple",Handcrafted / Handmade jewelry -- Artisan jewelry assembled or made by hand,Below RM 10,RM 20 - 40,RM 5 - 7,Implusively / Unplanned,2,4,4,Livis06
11/21/2020 22:37:37,Male,18 - 23,"Necklaces, Rings (not including wedding ring), Watches","Style / Design, Designer / Brand",Man style ,"Fashion jewelry -- Inexpensive jewelry made out of non-precious stones, metals and immitation gems",RM 30 - 40,RM 40 - 60,Above RM 7,Planned,5,5,5,Anderson_ting_kai
11/21/2020 22:38:11,Female,30+,"Earrings, Necklaces, Watches","Style / Design, Quality",Mismatch,Handcrafted / Handmade jewelry -- Artisan jewelry assembled or made by hand,RM 20 - 30,RM 40 - 60,Below RM5,Planned,4,3,3,ekohksl
11/21/2020 23:00:40,Female,24 - 29,Earrings,"Style / Design, Trend, Quality, Price, Craftmanship","Minimal, Simple",Fine / Semi-fine / Demi-fine jewelry -- Costlier and higher quality jewelry that can be worn day in and day out,RM 10 - 20,RM 40 - 60,Below RM5,Implusively / Unplanned,5,3,5,aikchien 
11/21/2020 23:03:37,Female,30+,"Earrings, Necklaces, Bracelets / Cuffs, Watches","Style / Design, Trend, Quality, Comfort, Price, Craftmanship",Mismatch,Handcrafted / Handmade jewelry -- Artisan jewelry assembled or made by hand,RM 10 - 20,RM 20 - 40,RM 5 - 7,Implusively / Unplanned,5,2,2,vivifoo_
11/21/2020 23:35:31,Female,18 - 23,"Earrings, Necklaces, Bracelets / Cuffs, Watches","Style / Design, Quality, Comfort, Price","Minimal, Simple",Fine / Semi-fine / Demi-fine jewelry -- Costlier and higher quality jewelry that can be worn day in and day out,RM 20 - 30,RM 60 - 80,RM 5 - 7,Planned,3,2,5,Sunnnyy_____
11/21/2020 23:48:37,Female,18 - 23,"Earrings, Necklaces, Bracelets / Cuffs, Anklets","Style / Design, Price","Minimal, Simple","Fashion jewelry -- Inexpensive jewelry made out of non-precious stones, metals and immitation gems",Below RM 10,Below RM 20,Below RM5,Implusively / Unplanned,3,2,5,chingmun98
11/21/2020 23:52:21,Female,18 - 23,"Earrings, Necklaces, Rings (not including wedding ring), Bracelets / Cuffs, Watches, Brooches / Pins","Style / Design, Quality, Comfort, Price",Silver Huggies,"Fashion jewelry -- Inexpensive jewelry made out of non-precious stones, metals and immitation gems",RM 10 - 20,RM 20 - 40,Below RM5,Implusively / Unplanned,3,4,5,@nrulizh___
11/22/2020 0:13:04,Female,Under 18,"Earrings, Necklaces, Rings (not including wedding ring), Bracelets / Cuffs, Watches, Brooches / Pins","Style / Design, Trend, Quality, Comfort, Designer / Brand, Craftmanship",Silver Huggies,Fine / Semi-fine / Demi-fine jewelry -- Costlier and higher quality jewelry that can be worn day in and day out,RM 30 - 40,RM 20 - 40,RM 5 - 7,Planned,4,1,5,@dallishaaa_
11/22/2020 0:23:47,Female,18 - 23,"Earrings, Necklaces, Rings (not including wedding ring), Bracelets / Cuffs","Style / Design, Quality","Minimal, Simple",Fine / Semi-fine / Demi-fine jewelry -- Costlier and higher quality jewelry that can be worn day in and day out,Below RM 10,RM 20 - 40,RM 5 - 7,Implusively / Unplanned,3,3,2,@meisonotcool 
11/22/2020 0:23:51,Female,18 - 23,"Earrings, Necklaces, Rings (not including wedding ring), Bracelets / Cuffs","Style / Design, Quality","Minimal, Simple",Fine / Semi-fine / Demi-fine jewelry -- Costlier and higher quality jewelry that can be worn day in and day out,Below RM 10,RM 20 - 40,RM 5 - 7,Implusively / Unplanned,3,3,2,@meisonotcool 
11/22/2020 0:32:05,Female,18 - 23,"Earrings, Bracelets / Cuffs","Quality, Comfort","Minimal, Simple",Handcrafted / Handmade jewelry -- Artisan jewelry assembled or made by hand,RM 10 - 20,Below RM 20,RM 5 - 7,Planned,5,3,5,@ramanaarthy
11/22/2020 0:55:31,Female,30+,"Earrings, Necklaces, Bracelets / Cuffs, Watches","Style / Design, Trend, Quality, Comfort, Price, Designer / Brand, Craftmanship","Minimal, Simple",Fine / Semi-fine / Demi-fine jewelry -- Costlier and higher quality jewelry that can be worn day in and day out,RM 20 - 30,RM 40 - 60,RM 5 - 7,Implusively / Unplanned,4,3,3,enid.tang
11/22/2020 1:22:10,Female,18 - 23,"Earrings, Necklaces, Watches","Quality, Price",Elegant,"Fashion jewelry -- Inexpensive jewelry made out of non-precious stones, metals and immitation gems",RM 10 - 20,Below RM 20,Below RM5,Planned,4,3,4,lakshmi_jk2
11/22/2020 2:07:51,Female,18 - 23,"Earrings, Necklaces, Rings (not including wedding ring), Bracelets / Cuffs","Style / Design, Quality, Comfort, Price",Elegant,Fine / Semi-fine / Demi-fine jewelry -- Costlier and higher quality jewelry that can be worn day in and day out,RM 10 - 20,RM 20 - 40,RM 5 - 7,Implusively / Unplanned,3,3,4,ohneejiang
11/22/2020 2:14:07,Female,18 - 23,"Earrings, Necklaces, Rings (not including wedding ring), Watches","Style / Design, Quality, Comfort, Price",Elegant,Fine / Semi-fine / Demi-fine jewelry -- Costlier and higher quality jewelry that can be worn day in and day out,Below RM 10,Below RM 20,Below RM5,Implusively / Unplanned,4,2,4,bei_bbeii
11/22/2020 2:15:36,Female,18 - 23,"Earrings, Necklaces, Bracelets / Cuffs","Style / Design, Quality","Minimal, Simple",Fine / Semi-fine / Demi-fine jewelry -- Costlier and higher quality jewelry that can be worn day in and day out,Below RM 10,I do not purchase fine / semi-fine / demi-fine earrings at all,Below RM5,Implusively / Unplanned,3,3,3,lowx_n
11/22/2020 2:54:45,Female,18 - 23,Bracelets / Cuffs,"Style / Design, Quality","Statement, Bold",Handcrafted / Handmade jewelry -- Artisan jewelry assembled or made by hand,RM 30 - 40,RM 20 - 40,RM 5 - 7,Planned,4,3,5,_.umx01
11/22/2020 2:59:54,Female,30+,"Earrings, Bracelets / Cuffs, Watches","Style / Design, Trend, Quality, Comfort, Craftmanship","Minimal, Simple","Fashion jewelry -- Inexpensive jewelry made out of non-precious stones, metals and immitation gems",Below RM 10,Below RM 20,Below RM5,Implusively / Unplanned,5,3,5,N/A
11/22/2020 7:51:31,Female,30+,"Earrings, Rings (not including wedding ring), Bracelets / Cuffs, Watches","Style / Design, Quality, Comfort, Price, Craftmanship","Statement, Bold","Fashion jewelry -- Inexpensive jewelry made out of non-precious stones, metals and immitation gems",RM 10 - 20,RM 20 - 40,RM 5 - 7,Implusively / Unplanned,4,2,3,dabookishmom 
11/22/2020 7:56:50,Female,18 - 23,"Earrings, Necklaces, Anklets","Style / Design, Trend, Price","Minimal, Simple","Fashion jewelry -- Inexpensive jewelry made out of non-precious stones, metals and immitation gems",RM 10 - 20,I do not purchase fine / semi-fine / demi-fine earrings at all,Below RM5,Planned,3,2,5,@tania_manimaran
11/22/2020 8:07:14,Female,24 - 29,"Earrings, Rings (not including wedding ring), Brooches / Pins","Quality, Comfort, Craftmanship",Mismatch,"Fashion jewelry -- Inexpensive jewelry made out of non-precious stones, metals and immitation gems",RM 10 - 20,RM 40 - 60,RM 5 - 7,Implusively / Unplanned,3,3,4,@heysaracera
11/22/2020 8:07:33,Female,18 - 23,"Earrings, Necklaces, Bracelets / Cuffs, Watches","Style / Design, Quality, Comfort, Price, Designer / Brand, Craftmanship",Silver Huggies,Handcrafted / Handmade jewelry -- Artisan jewelry assembled or made by hand,RM 10 - 20,RM 40 - 60,Below RM5,Planned,5,3,3,@dancingsho
11/22/2020 9:13:06,Female,24 - 29,"Earrings, Necklaces, Watches","Style / Design, Comfort, Designer / Brand","Minimal, Simple","Fashion jewelry -- Inexpensive jewelry made out of non-precious stones, metals and immitation gems",Below RM 10,RM 40 - 60,Below RM5,Implusively / Unplanned,3,4,3,melissaamichelle
11/22/2020 9:27:59,Female,30+,"Earrings, Necklaces, Rings (not including wedding ring), Bracelets / Cuffs, Watches, Anklets","Style / Design, Price",Silver Huggies,Fine / Semi-fine / Demi-fine jewelry -- Costlier and higher quality jewelry that can be worn day in and day out,RM 10 - 20,RM 20 - 40,RM 5 - 7,Implusively / Unplanned,4,3,4,Jeannietohyn
11/22/2020 9:48:06,Female,30+,"Earrings, Necklaces, Rings (not including wedding ring), Bracelets / Cuffs, Watches","Style / Design, Quality, Comfort, Price, Craftmanship","Minimal, Simple",Fine / Semi-fine / Demi-fine jewelry -- Costlier and higher quality jewelry that can be worn day in and day out,RM 10 - 20,RM 20 - 40,Below RM5,Implusively / Unplanned,3,3,3,c.in.malaysia
11/22/2020 10:10:54,Female,30+,"Earrings, Necklaces, Rings (not including wedding ring), Bracelets / Cuffs, Watches","Style / Design, Trend","Minimal, Simple",Fine / Semi-fine / Demi-fine jewelry -- Costlier and higher quality jewelry that can be worn day in and day out,RM 20 - 30,RM 20 - 40,RM 5 - 7,Implusively / Unplanned,5,4,5,siok_pheng
11/22/2020 10:26:03,Female,18 - 23,"Earrings, Necklaces, Rings (not including wedding ring), Watches, Clip on ear ring","Style / Design, Comfort, Price, Craftmanship","Minimal, Simple","Fashion jewelry -- Inexpensive jewelry made out of non-precious stones, metals and immitation gems",Below RM 10,Below RM 20,Below RM5,Implusively / Unplanned,4,3,5,Crystaljoya_
11/22/2020 10:30:27,Female,18 - 23,"Necklaces, Rings (not including wedding ring), Watches","Style / Design, Quality, Price, Craftmanship","Minimal, Simple",Handcrafted / Handmade jewelry -- Artisan jewelry assembled or made by hand,RM 10 - 20,RM 20 - 40,Below RM5,Implusively / Unplanned,3,5,4,tashufflepuff 
11/22/2020 10:47:28,Female,30+,"Earrings, Necklaces, Watches","Style / Design, Trend","Minimal, Simple","Fashion jewelry -- Inexpensive jewelry made out of non-precious stones, metals and immitation gems",Below RM 10,RM 20 - 40,Below RM5,Implusively / Unplanned,3,4,3,Fen_2011
11/22/2020 11:06:15,Female,18 - 23,"Earrings, Necklaces, Rings (not including wedding ring), Bracelets / Cuffs","Style / Design, Quality, Price","Statement, Bold","Fashion jewelry -- Inexpensive jewelry made out of non-precious stones, metals and immitation gems",RM 10 - 20,RM 40 - 60,Below RM5,Implusively / Unplanned,5,1,4,@joeyxory
11/22/2020 11:18:23,Female,24 - 29,"Earrings, Necklaces, Rings (not including wedding ring)","Style / Design, Trend, Craftmanship",Elegant,Fine / Semi-fine / Demi-fine jewelry -- Costlier and higher quality jewelry that can be worn day in and day out,RM 30 - 40,RM 60 - 80,Below RM5,Implusively / Unplanned,5,4,4,shermainemin
11/22/2020 11:41:53,Female,18 - 23,"Earrings, Necklaces, Rings (not including wedding ring), Watches","Style / Design, Quality, Comfort, Price, Craftmanship","Minimal, Simple","Fashion jewelry -- Inexpensive jewelry made out of non-precious stones, metals and immitation gems",RM 20 - 30,RM 20 - 40,Below RM5,Planned,4,3,5,Francine_cjy
11/22/2020 12:00:07,Female,30+,"Earrings, Necklaces, Bracelets / Cuffs","Style / Design, Trend, Quality, Comfort, Price, Designer / Brand",Silver Huggies,"Fashion jewelry -- Inexpensive jewelry made out of non-precious stones, metals and immitation gems",RM 20 - 30,RM 20 - 40,Below RM5,Implusively / Unplanned,1,3,3,@irene.pua1
11/22/2020 12:15:45,Female,24 - 29,Earrings,"Style / Design, Quality","Minimal, Simple",Handcrafted / Handmade jewelry -- Artisan jewelry assembled or made by hand,RM 10 - 20,RM 20 - 40,Below RM5,Planned,2,5,4,mutiaraaaaaa__
11/22/2020 12:22:30,Female,18 - 23,"Earrings, Necklaces, Rings (not including wedding ring)","Style / Design, Quality, Price, Designer / Brand",Elegant,Fine / Semi-fine / Demi-fine jewelry -- Costlier and higher quality jewelry that can be worn day in and day out,RM 20 - 30,Above RM 80,Above RM 7,Planned,5,5,5,mynameisjoeyyy1414
11/22/2020 12:56:02,Female,30+,"Earrings, Bracelets / Cuffs, Watches","Style / Design, Trend",Silver Huggies,Fine / Semi-fine / Demi-fine jewelry -- Costlier and higher quality jewelry that can be worn day in and day out,RM 10 - 20,RM 40 - 60,RM 5 - 7,Planned,4,4,5,angellam123
11/22/2020 13:37:52,Female,Under 18,"Earrings, Necklaces, Rings (not including wedding ring), Bracelets / Cuffs, Anklets","Style / Design, Trend, Price, Designer / Brand",Resin Handmade,"Fashion jewelry -- Inexpensive jewelry made out of non-precious stones, metals and immitation gems",RM 10 - 20,Below RM 20,RM 5 - 7,Implusively / Unplanned,4,3,3,_kiro.m
11/22/2020 14:04:00,Female,24 - 29,"Earrings, Necklaces, Bracelets / Cuffs, Watches","Style / Design, Comfort",Elegant,Fine / Semi-fine / Demi-fine jewelry -- Costlier and higher quality jewelry that can be worn day in and day out,RM 10 - 20,RM 40 - 60,Above RM 7,Implusively / Unplanned,4,3,4,shareenczy
11/22/2020 15:05:40,Female,18 - 23,"Earrings, Necklaces","Style / Design, Quality, Craftmanship",Resin Handmade,Handcrafted / Handmade jewelry -- Artisan jewelry assembled or made by hand,RM 10 - 20,RM 40 - 60,Below RM5,Planned,3,4,2,yuehyuehqi
11/22/2020 15:39:09,Female,18 - 23,"Earrings, Necklaces","Comfort, Price","Minimal, Simple",Handcrafted / Handmade jewelry -- Artisan jewelry assembled or made by hand,RM 10 - 20,Below RM 20,RM 5 - 7,Planned,4,3,5,jnfxr_ 
11/22/2020 15:39:32,Female,18 - 23,"Earrings, Necklaces, Rings (not including wedding ring), Bracelets / Cuffs","Style / Design, Quality, Price, Craftmanship","Minimal, Simple","Fashion jewelry -- Inexpensive jewelry made out of non-precious stones, metals and immitation gems",RM 20 - 30,RM 40 - 60,Below RM5,Planned,3,4,5,ka_rollee
11/22/2020 16:07:42,Female,Under 18,Earrings,"Style / Design, Trend","Minimal, Simple","Fashion jewelry -- Inexpensive jewelry made out of non-precious stones, metals and immitation gems",Below RM 10,Below RM 20,Below RM5,Implusively / Unplanned,5,5,5,@nrnsyarafana.__
11/22/2020 16:15:07,Female,18 - 23,"Earrings, Watches, Brooches / Pins","Style / Design, Quality, Price","Minimal, Simple",Fine / Semi-fine / Demi-fine jewelry -- Costlier and higher quality jewelry that can be worn day in and day out,RM 10 - 20,RM 20 - 40,RM 5 - 7,Implusively / Unplanned,3,3,4,@erinsafian_
11/22/2020 16:31:50,Female,30+,"Earrings, Necklaces, Bracelets / Cuffs, Watches","Style / Design, Quality, Comfort",Mismatch,"Fashion jewelry -- Inexpensive jewelry made out of non-precious stones, metals and immitation gems",RM 20 - 30,RM 20 - 40,Below RM5,Implusively / Unplanned,4,1,3,@crystalbize8 
11/22/2020 16:32:10,Female,18 - 23,Necklaces,Comfort,Resin Handmade,Handcrafted / Handmade jewelry -- Artisan jewelry assembled or made by hand,Below RM 10,Below RM 20,Below RM5,Implusively / Unplanned,1,2,2,nur.aisyah_06
11/22/2020 16:54:35,Female,18 - 23,"Earrings, Necklaces, Rings (not including wedding ring)","Trend, Quality, Comfort, Price","Minimal, Simple",Fine / Semi-fine / Demi-fine jewelry -- Costlier and higher quality jewelry that can be worn day in and day out,RM 20 - 30,Above RM 80,RM 5 - 7,Implusively / Unplanned,2,2,4,joycecjx
11/22/2020 17:02:16,Female,18 - 23,"Earrings, Necklaces, Bracelets / Cuffs, Watches","Style / Design, Quality","Statement, Bold","Fashion jewelry -- Inexpensive jewelry made out of non-precious stones, metals and immitation gems",Below RM 10,RM 40 - 60,RM 5 - 7,Implusively / Unplanned,5,4,4,sarahmaeleee
11/22/2020 18:44:26,Female,18 - 23,"Earrings, Necklaces, Rings (not including wedding ring), Bracelets / Cuffs","Style / Design, Comfort",Elegant,Fine / Semi-fine / Demi-fine jewelry -- Costlier and higher quality jewelry that can be worn day in and day out,Below RM 10,RM 20 - 40,Below RM5,Implusively / Unplanned,4,2,4,Yykkk_5 
11/22/2020 18:48:01,Female,30+,Earrings,"Style / Design, Quality, Comfort, Price",Silver Huggies,Fine / Semi-fine / Demi-fine jewelry -- Costlier and higher quality jewelry that can be worn day in and day out,RM 10 - 20,Below RM 20,Below RM5,Implusively / Unplanned,3,3,5,janice_tpc
11/22/2020 19:32:11,Female,24 - 29,"Necklaces, Rings (not including wedding ring), Watches, Brooches / Pins","Style / Design, Quality, Comfort, Price, Craftmanship","Minimal, Simple",Fine / Semi-fine / Demi-fine jewelry -- Costlier and higher quality jewelry that can be worn day in and day out,RM 20 - 30,RM 40 - 60,Below RM5,Planned,3,3,5,@revathiy7
11/22/2020 20:25:37,Female,24 - 29,"Earrings, Necklaces, Rings (not including wedding ring)","Style / Design, Quality, Price",Elegant,"Fashion jewelry -- Inexpensive jewelry made out of non-precious stones, metals and immitation gems",RM 10 - 20,RM 20 - 40,Below RM5,Planned,3,2,2,helloxiaaa11
11/22/2020 20:25:56,Female,18 - 23,"Earrings, Necklaces, Rings (not including wedding ring), Bracelets / Cuffs, Watches, Anklets","Style / Design, Quality, Comfort, Price, Craftmanship",Mismatch,"Fashion jewelry -- Inexpensive jewelry made out of non-precious stones, metals and immitation gems",RM 10 - 20,RM 40 - 60,Below RM5,Implusively / Unplanned,3,2,2,@emma.sng
11/22/2020 21:39:11,Prefer not to say,24 - 29,"Earrings, Necklaces, Bracelets / Cuffs, Watches, Brooches / Pins","Style / Design, Quality, Comfort, Price, Designer / Brand, Craftmanship","Minimal, Simple",Fine / Semi-fine / Demi-fine jewelry -- Costlier and higher quality jewelry that can be worn day in and day out,Below RM 10,Below RM 20,Below RM5,Planned,1,2,5,slinggg_301
11/22/2020 22:04:44,Female,18 - 23,"Earrings, Necklaces","Style / Design, Quality, Price, Craftmanship",Silver Huggies,Fine / Semi-fine / Demi-fine jewelry -- Costlier and higher quality jewelry that can be worn day in and day out,RM 10 - 20,RM 20 - 40,Below RM5,Implusively / Unplanned,4,3,3,@quaaahhhh
11/22/2020 23:24:27,Female,Under 18,"Earrings, Necklaces, Watches","Style / Design, Quality, Comfort, Price","Minimal, Simple",Fine / Semi-fine / Demi-fine jewelry -- Costlier and higher quality jewelry that can be worn day in and day out,RM 10 - 20,Below RM 20,Below RM5,Planned,4,3,5,Iâ€™ve completed all the steps for giveaway!ðŸ’•
11/22/2020 23:36:12,Female,30+,"Earrings, Necklaces, Bracelets / Cuffs, Watches, Anklets, Brooches / Pins","Style / Design, Quality","Minimal, Simple",Fine / Semi-fine / Demi-fine jewelry -- Costlier and higher quality jewelry that can be worn day in and day out,Above RM 40,Above RM 80,RM 5 - 7,Implusively / Unplanned,5,3,5,@kaushelia86
11/23/2020 0:15:23,Male,30+,"Necklaces, Rings (not including wedding ring), Watches","Trend, Quality, Comfort","Minimal, Simple","Fashion jewelry -- Inexpensive jewelry made out of non-precious stones, metals and immitation gems",Above RM 40,RM 40 - 60,Above RM 7,Implusively / Unplanned,4,4,4,leecn168
11/23/2020 0:51:11,Female,30+,"Earrings, Necklaces, Rings (not including wedding ring), Watches, Brooches / Pins","Style / Design, Designer / Brand",Elegant,Fine / Semi-fine / Demi-fine jewelry -- Costlier and higher quality jewelry that can be worn day in and day out,RM 20 - 30,RM 60 - 80,RM 5 - 7,Implusively / Unplanned,3,3,5,Pankikansal
11/23/2020 1:23:10,Female,18 - 23,"Earrings, Necklaces, Rings (not including wedding ring), Bracelets / Cuffs","Style / Design, Quality","Minimal, Simple","Fashion jewelry -- Inexpensive jewelry made out of non-precious stones, metals and immitation gems",RM 10 - 20,RM 20 - 40,Below RM5,Implusively / Unplanned,4,4,2,N/A
11/23/2020 1:23:34,Female,30+,"Earrings, Necklaces, Bracelets / Cuffs","Style / Design, Trend, Craftmanship","Minimal, Simple",Handcrafted / Handmade jewelry -- Artisan jewelry assembled or made by hand,RM 10 - 20,RM 40 - 60,RM 5 - 7,Implusively / Unplanned,4,3,3,hanasan0219
11/23/2020 2:50:30,Female,24 - 29,"Earrings, Necklaces, Rings (not including wedding ring), Watches","Quality, Comfort",Silver Huggies,Handcrafted / Handmade jewelry -- Artisan jewelry assembled or made by hand,RM 20 - 30,RM 60 - 80,Below RM5,Implusively / Unplanned,1,1,1,@dearshelbs 
11/23/2020 8:49:09,Female,30+,"Earrings, Necklaces, Watches","Style / Design, Trend",Resin Handmade,Handcrafted / Handmade jewelry -- Artisan jewelry assembled or made by hand,RM 20 - 30,RM 20 - 40,RM 5 - 7,Implusively / Unplanned,3,3,4,chan.h.yee.98
11/23/2020 8:58:50,Female,30+,"Earrings, Necklaces, Rings (not including wedding ring), Bracelets / Cuffs, Watches","Style / Design, Quality",Mismatch,Handcrafted / Handmade jewelry -- Artisan jewelry assembled or made by hand,RM 30 - 40,RM 20 - 40,RM 5 - 7,Implusively / Unplanned,4,4,5,belindasoo
11/23/2020 9:28:34,Female,24 - 29,"Earrings, Necklaces, Rings (not including wedding ring), Watches","Style / Design, Price","Minimal, Simple","Fashion jewelry -- Inexpensive jewelry made out of non-precious stones, metals and immitation gems",Below RM 10,RM 20 - 40,Below RM5,Implusively / Unplanned,5,5,5,l.peileng
11/23/2020 10:03:28,Female,30+,"Earrings, Necklaces","Style / Design, Price",Silver Huggies,Fine / Semi-fine / Demi-fine jewelry -- Costlier and higher quality jewelry that can be worn day in and day out,RM 10 - 20,RM 60 - 80,RM 5 - 7,Implusively / Unplanned,2,3,2,Melng86 
11/23/2020 13:18:28,Female,30+,"Earrings, Necklaces, Bracelets / Cuffs","Quality, Craftmanship",Elegant,Fine / Semi-fine / Demi-fine jewelry -- Costlier and higher quality jewelry that can be worn day in and day out,Below RM 10,RM 20 - 40,Below RM5,Planned,3,3,4,@bibiscorner
11/23/2020 13:23:58,Female,18 - 23,"Earrings, Necklaces, Rings (not including wedding ring), Bracelets / Cuffs, Watches","Style / Design, Quality, Comfort",Mismatch,"Fashion jewelry -- Inexpensive jewelry made out of non-precious stones, metals and immitation gems",RM 10 - 20,Below RM 20,Below RM5,Implusively / Unplanned,4,4,3,Jiamun_
11/23/2020 13:30:05,Female,Under 18,"Earrings, Necklaces","Style / Design, Quality, Comfort",Elegant,Fine / Semi-fine / Demi-fine jewelry -- Costlier and higher quality jewelry that can be worn day in and day out,RM 20 - 30,RM 20 - 40,RM 5 - 7,Planned,4,3,5,Wendywei_
11/23/2020 15:23:12,Female,30+,"Earrings, Necklaces, Bracelets / Cuffs","Style / Design, Trend, Quality, Comfort, Price","Minimal, Simple","Fashion jewelry -- Inexpensive jewelry made out of non-precious stones, metals and immitation gems",Below RM 10,RM 20 - 40,Below RM5,Implusively / Unplanned,5,4,5,mushroom.co
11/23/2020 17:31:10,Female,30+,"Earrings, Necklaces, Bracelets / Cuffs, Watches, Anklets","Style / Design, Quality","Minimal, Simple","Fashion jewelry -- Inexpensive jewelry made out of non-precious stones, metals and immitation gems",RM 10 - 20,Above RM 80,Below RM5,Implusively / Unplanned,5,3,5,yf_yunfei
11/23/2020 20:59:38,Female,18 - 23,"Earrings, Necklaces",Style / Design,Silver Huggies,Fine / Semi-fine / Demi-fine jewelry -- Costlier and higher quality jewelry that can be worn day in and day out,RM 10 - 20,Below RM 20,Below RM5,Planned,3,3,4,00nuj17
11/23/2020 21:29:27,Female,18 - 23,"Earrings, Necklaces, Rings (not including wedding ring)","Style / Design, Quality, Comfort, Price, Craftmanship",Mismatch,Fine / Semi-fine / Demi-fine jewelry -- Costlier and higher quality jewelry that can be worn day in and day out,RM 10 - 20,RM 20 - 40,Below RM5,Implusively / Unplanned,3,1,5,entong99
11/23/2020 22:54:50,Female,30+,"Earrings, Necklaces, Bracelets / Cuffs, Watches","Style / Design, Craftmanship",Silver Huggies,Fine / Semi-fine / Demi-fine jewelry -- Costlier and higher quality jewelry that can be worn day in and day out,RM 20 - 30,RM 40 - 60,Below RM5,Implusively / Unplanned,4,4,5,mag.love.9862 
11/23/2020 23:53:12,Female,Under 18,"Earrings, Necklaces, Bracelets / Cuffs","Style / Design, Quality",Mismatch,"Fashion jewelry -- Inexpensive jewelry made out of non-precious stones, metals and immitation gems",Below RM 10,Below RM 20,Below RM5,Implusively / Unplanned,4,4,4,Nsnsdhx325
11/24/2020 10:04:52,Female,30+,Earrings,Comfort,"Minimal, Simple",Handcrafted / Handmade jewelry -- Artisan jewelry assembled or made by hand,RM 10 - 20,RM 40 - 60,RM 5 - 7,Implusively / Unplanned,5,5,5,@maggiechongmy 