"Timestamp","Gender","Age Range","What types of jewelry do you wear regularly?","What do you look for in your jewelry? Pick up to TWO options.","Which style below best describes your earring design preference? ","What types of jewelry do you mainly purchase?","How much are you comfortable spending on fashion earrings?","How much are you comfortable spending on fine / semi-fine / demi-fine earrings?","How much are you comfortable spending on domestic shipping?","Most of my jewelry pieces are bought","I often shop for jewelry online","I prefer purchasing jewelry from a website instead of an Instagram store ","I take good care of my fashion jewelry and pieces that tarnish easily ","Thank you for completing this survey! Please enter your Instagram username below:",""
"2020/11/08 3:44:19 PM GMT+8","Female","24 - 29","Earrings;Necklaces","Style / Design;Comfort","Minimal, Simple","Fine / Semi-fine / Demi-fine jewelry -- Costlier and higher quality jewelry that can be worn day in and day out","Below RM 10","RM 20 - 40","Below RM5","Planned","3","4","2","I do not use a insta!!!!","Petaling Jaya Selangor "
"2020/11/08 5:59:28 PM GMT+8","Female","18 - 23","Earrings;Rings (not including wedding ring);Watches","Style / Design;Quality","Elegant","Fashion jewelry -- Inexpensive jewelry made out of non-precious stones, metals and immitation gems","RM 10 - 20","RM 60 - 80","Below RM5","Implusively / Unplanned","3","2","3","meinlee_",""
"2020/11/08 6:21:30 PM GMT+8","Female","24 - 29","Earrings;Necklaces","Style / Design","Silver Huggies","Fashion jewelry -- Inexpensive jewelry made out of non-precious stones, metals and immitation gems","RM 20 - 30","RM 20 - 40","RM 5 - 7","Implusively / Unplanned","3","2","4","@themonster.bites",""
"2020/11/08 7:20:50 PM GMT+8","Female","18 - 23","Earrings;Rings (not including wedding ring)","Style / Design;Craftmanship","Minimal, Simple","Fashion jewelry -- Inexpensive jewelry made out of non-precious stones, metals and immitation gems","RM 30 - 40","RM 20 - 40","Below RM5","Implusively / Unplanned","3","3","4","y4nni_",""
"2020/11/08 7:23:32 PM GMT+8","Female","18 - 23","Earrings","Style / Design;Quality","Resin Handmade","Fashion jewelry -- Inexpensive jewelry made out of non-precious stones, metals and immitation gems","Below RM 10","RM 20 - 40","RM 5 - 7","Implusively / Unplanned","5","3","5","@shalini__29",""
"2020/11/08 7:32:19 PM GMT+8","Female","18 - 23","Earrings;Necklaces;Rings (not including wedding ring);Bracelets / Cuffs","Style / Design;Quality","Silver Huggies","Fashion jewelry -- Inexpensive jewelry made out of non-precious stones, metals and immitation gems","RM 20 - 30","RM 40 - 60","RM 5 - 7","Implusively / Unplanned","2","1","2","@v1ckychong",""
"2020/11/08 7:33:45 PM GMT+8","Female","24 - 29","Earrings;Necklaces;Rings (not including wedding ring);Anklets","Style / Design;Quality","Mismatch","Fashion jewelry -- Inexpensive jewelry made out of non-precious stones, metals and immitation gems","RM 10 - 20","RM 20 - 40","Below RM5","Planned","5","2","2","@hannahreshma",""
"2020/11/08 7:39:25 PM GMT+8","Female","18 - 23","Earrings;Necklaces;Rings (not including wedding ring)","Style / Design;Quality;Comfort;Price","Minimal, Simple","Fine / Semi-fine / Demi-fine jewelry -- Costlier and higher quality jewelry that can be worn day in and day out","I do not purchase fashion earrings at all","RM 20 - 40","Below RM5","Implusively / Unplanned","5","3","5","edelnotsowise ",""
"2020/11/08 7:40:50 PM GMT+8","Female","18 - 23","Earrings;Necklaces;Rings (not including wedding ring)","Style / Design;Quality","Elegant","Fine / Semi-fine / Demi-fine jewelry -- Costlier and higher quality jewelry that can be worn day in and day out","RM 20 - 30","RM 20 - 40","RM 5 - 7","Implusively / Unplanned","4","3","5","Instagram DM @phoenixamk or through email: alya.maisarah_karim@outlook.com",""
"2020/11/08 7:41:03 PM GMT+8","Female","18 - 23","Earrings;Necklaces;Rings (not including wedding ring);Bracelets / Cuffs","Style / Design;Quality","Statement, Bold","Handcrafted / Handmade jewelry -- Artisan jewelry assembled or made by hand","Below RM 10","RM 40 - 60","RM 5 - 7","Planned","5","1","4","joeyxory",""
"2020/11/08 7:46:41 PM GMT+8","Female","18 - 23","Earrings;Rings (not including wedding ring);Bracelets / Cuffs;Watches","Style / Design;Quality","Minimal, Simple","Fashion jewelry -- Inexpensive jewelry made out of non-precious stones, metals and immitation gems","RM 20 - 30","RM 60 - 80","Above RM 7","Implusively / Unplanned","3","4","5","@farahleeee_",""
"2020/11/08 7:50:08 PM GMT+8","Female","18 - 23","Earrings;Necklaces;Rings (not including wedding ring);Bracelets / Cuffs;Watches;Anklets","Quality;Comfort","Silver Huggies","Fine / Semi-fine / Demi-fine jewelry -- Costlier and higher quality jewelry that can be worn day in and day out","RM 10 - 20","RM 60 - 80","Below RM5","Planned","5","4","5","@walkingpisang",""
"2020/11/08 8:07:16 PM GMT+8","Female","24 - 29","Earrings;Bracelets / Cuffs;Watches","Quality;Price","Statement, Bold","Fashion jewelry -- Inexpensive jewelry made out of non-precious stones, metals and immitation gems","RM 10 - 20","Below RM 20","Below RM5","Planned","2","2","4","yelyahnadia",""
"2020/11/08 8:08:46 PM GMT+8","Female","18 - 23","Earrings;Rings (not including wedding ring);Bracelets / Cuffs","Style / Design;Quality","Silver Huggies","Fashion jewelry -- Inexpensive jewelry made out of non-precious stones, metals and immitation gems","RM 10 - 20","Below RM 20","RM 5 - 7","Implusively / Unplanned","3","1","3","ynreil",""
"2020/11/08 8:18:29 PM GMT+8","Female","18 - 23","Earrings;Necklaces;Rings (not including wedding ring);Bracelets / Cuffs","Style / Design;Quality;Comfort;Price","Minimal, Simple","Fine / Semi-fine / Demi-fine jewelry -- Costlier and higher quality jewelry that can be worn day in and day out","RM 10 - 20","RM 40 - 60","Below RM5","Planned","3","3","4","kreamykieramel ",""
"2020/11/08 8:43:20 PM GMT+8","Female","18 - 23","Earrings;Necklaces","Style / Design;Price","Minimal, Simple","Fashion jewelry -- Inexpensive jewelry made out of non-precious stones, metals and immitation gems","Below RM 10","RM 20 - 40","RM 5 - 7","Implusively / Unplanned","2","3","2","@amanda.syk",""
"2020/11/08 9:43:26 PM GMT+8","Female","18 - 23","Earrings;Necklaces","Style / Design;Quality","Elegant","Fashion jewelry -- Inexpensive jewelry made out of non-precious stones, metals and immitation gems","RM 10 - 20","RM 20 - 40","Below RM5","Implusively / Unplanned","1","1","2","Peizoeee",""
"2020/11/08 11:21:46 PM GMT+8","Female","18 - 23","Earrings;Necklaces;Rings (not including wedding ring);Bracelets / Cuffs;Watches","Style / Design;Price","Statement, Bold","Fashion jewelry -- Inexpensive jewelry made out of non-precious stones, metals and immitation gems","RM 20 - 30","RM 40 - 60","RM 5 - 7","Implusively / Unplanned","4","4","3","@airisharoslim",""
"2020/11/08 11:22:48 PM GMT+8","Female","24 - 29","Earrings;Necklaces;Watches","Style / Design;Trend;Quality;Price","Minimal, Simple","Fashion jewelry -- Inexpensive jewelry made out of non-precious stones, metals and immitation gems","RM 20 - 30","RM 60 - 80","Below RM5","Implusively / Unplanned","3","3","4","@vaishnavichandraraj",""
"2020/11/08 11:24:34 PM GMT+8","Female","18 - 23","Earrings;Necklaces;Rings (not including wedding ring);Bracelets / Cuffs;Watches","Style / Design;Price","Mismatch","Fashion jewelry -- Inexpensive jewelry made out of non-precious stones, metals and immitation gems","RM 10 - 20","RM 20 - 40","RM 5 - 7","Implusively / Unplanned","3","4","3","@coystinker",""
"2020/11/08 11:27:59 PM GMT+8","Male","18 - 23","Necklaces;Rings (not including wedding ring)","Style / Design;Price","Minimal, Simple","Fashion jewelry -- Inexpensive jewelry made out of non-precious stones, metals and immitation gems","RM 10 - 20","RM 20 - 40","RM 5 - 7","Planned","3","3","2","@jambususo",""
"2020/11/09 1:01:57 AM GMT+8","Female","18 - 23","Earrings;Necklaces;Bracelets / Cuffs","Quality;Comfort","Resin Handmade","Fine / Semi-fine / Demi-fine jewelry -- Costlier and higher quality jewelry that can be worn day in and day out","Below RM 10","RM 40 - 60","RM 5 - 7","Planned","4","3","5","@sooruhh_",""
"2020/11/09 1:04:21 AM GMT+8","Female","18 - 23","Necklaces","Style / Design;Comfort","Minimal, Simple","Handcrafted / Handmade jewelry -- Artisan jewelry assembled or made by hand","Below RM 10","Below RM 20","Below RM5","Planned","5","2","2","ichilimm",""
"2020/11/09 2:12:11 AM GMT+8","Male","18 - 23","Necklaces;Rings (not including wedding ring);Bracelets / Cuffs;Watches","Quality;Comfort","Minimal, Simple","Fashion jewelry -- Inexpensive jewelry made out of non-precious stones, metals and immitation gems","RM 20 - 30","Above RM 80","RM 5 - 7","Planned","3","4","2","@farahiaziz",""
"2020/11/09 9:31:24 AM GMT+8","Female","18 - 23","Earrings;Necklaces;Rings (not including wedding ring);Bracelets / Cuffs;Watches;Anklets","Style / Design;Trend;Quality;Comfort;Price;Designer / Brand;Craftmanship","Minimal, Simple","Fine / Semi-fine / Demi-fine jewelry -- Costlier and higher quality jewelry that can be worn day in and day out","RM 30 - 40","Above RM 80","RM 5 - 7","Planned","4","3","5","sammmuraii",""
"2020/11/09 10:37:37 AM GMT+8","Female","18 - 23","Earrings;Necklaces","Style / Design;Quality","Minimal, Simple","Fine / Semi-fine / Demi-fine jewelry -- Costlier and higher quality jewelry that can be worn day in and day out","RM 20 - 30","Above RM 80","RM 5 - 7","Planned","3","4","2","@Erinaa29",""
"2020/11/09 11:46:49 AM GMT+8","Female","18 - 23","Earrings;Bracelets / Cuffs;Watches","Style / Design;Price","Resin Handmade","Handcrafted / Handmade jewelry -- Artisan jewelry assembled or made by hand","RM 10 - 20","Below RM 20","Below RM5","Implusively / Unplanned","4","4","3","N/A",""
"2020/11/09 12:05:42 PM GMT+8","Female","Under 18","Earrings;Necklaces","Style / Design;Comfort;Price;Craftmanship","Elegant","Fashion jewelry -- Inexpensive jewelry made out of non-precious stones, metals and immitation gems","RM 10 - 20","RM 20 - 40","RM 5 - 7","Implusively / Unplanned","5","2","4","@the_smol_d",""
"2020/11/09 1:36:46 PM GMT+8","Female","18 - 23","Earrings;Necklaces;Rings (not including wedding ring);Bracelets / Cuffs","Style / Design;Quality;Comfort;Craftmanship","Silver Huggies","Fine / Semi-fine / Demi-fine jewelry -- Costlier and higher quality jewelry that can be worn day in and day out","RM 20 - 30","RM 60 - 80","RM 5 - 7","Planned","4","5","2","c.menlsc",""
"2020/11/09 2:01:29 PM GMT+8","Female","18 - 23","Earrings;Necklaces;Rings (not including wedding ring);Bracelets / Cuffs","Style / Design;Trend;Price","Silver Huggies","Fashion jewelry -- Inexpensive jewelry made out of non-precious stones, metals and immitation gems","RM 20 - 30","RM 60 - 80","RM 5 - 7","Implusively / Unplanned","5","5","1","siewkheng_99",""
"2020/11/09 2:24:39 PM GMT+8","Female","18 - 23","Earrings;Necklaces;Anklets","Style / Design;Craftmanship","Mismatch","Fashion jewelry -- Inexpensive jewelry made out of non-precious stones, metals and immitation gems","Below RM 10","RM 20 - 40","RM 5 - 7","Implusively / Unplanned","4","3","4","@kelly.vuu ",""
"2020/11/09 2:34:26 PM GMT+8","Female","18 - 23","Earrings;Necklaces;Rings (not including wedding ring);Bracelets / Cuffs","Style / Design;Quality","Minimal, Simple","Fine / Semi-fine / Demi-fine jewelry -- Costlier and higher quality jewelry that can be worn day in and day out","RM 10 - 20","RM 40 - 60","Below RM5","Implusively / Unplanned","4","2","3","@qiyunchong",""
"2020/11/09 3:26:38 PM GMT+8","Female","18 - 23","Earrings;Necklaces;Rings (not including wedding ring);Bracelets / Cuffs;Watches;Anklets","Style / Design;Trend;Quality;Price","Elegant","Handcrafted / Handmade jewelry -- Artisan jewelry assembled or made by hand","RM 20 - 30","Above RM 80","RM 5 - 7","Implusively / Unplanned","5","1","4","@xtsxt",""
"2020/11/09 4:19:58 PM GMT+8","Female","18 - 23","Earrings;Rings (not including wedding ring)","Style / Design;Trend;Quality;Comfort;Price","Minimal, Simple","Fine / Semi-fine / Demi-fine jewelry -- Costlier and higher quality jewelry that can be worn day in and day out","RM 20 - 30","RM 40 - 60","Below RM5","Planned","1","3","2","@amandadadadayy",""
"2020/11/09 7:13:47 PM GMT+8","Female","18 - 23","Earrings;Necklaces;Watches;Anklets","Style / Design;Quality","Elegant","Fine / Semi-fine / Demi-fine jewelry -- Costlier and higher quality jewelry that can be worn day in and day out","Below RM 10","RM 20 - 40","RM 5 - 7","Planned","2","3","4","@natalieciousyumm",""
"2020/11/09 8:08:27 PM GMT+8","Female","18 - 23","Earrings;Necklaces;Bracelets / Cuffs;Watches","Style / Design;Quality;Comfort;Price;Craftmanship","Elegant","Handcrafted / Handmade jewelry -- Artisan jewelry assembled or made by hand","RM 10 - 20","RM 20 - 40","Below RM5","Implusively / Unplanned","3","3","4","its_emilychen ",""
"2020/11/09 8:12:27 PM GMT+8","Female","18 - 23","Earrings;Necklaces;Bracelets / Cuffs;Watches","Style / Design;Quality;Comfort;Price;Craftmanship","Elegant","Handcrafted / Handmade jewelry -- Artisan jewelry assembled or made by hand","RM 10 - 20","RM 20 - 40","Below RM5","Implusively / Unplanned","3","3","3","its_emilychen",""
"2020/11/09 8:13:29 PM GMT+8","Female","18 - 23","Earrings;Necklaces;Bracelets / Cuffs;Watches","Style / Design;Quality;Comfort;Price;Craftmanship","Elegant","Handcrafted / Handmade jewelry -- Artisan jewelry assembled or made by hand","RM 10 - 20","RM 20 - 40","Below RM5","Implusively / Unplanned","3","3","3","its_emilychen",""
"2020/11/09 8:14:35 PM GMT+8","Female","18 - 23","Earrings;Necklaces;Bracelets / Cuffs;Watches","Style / Design;Quality;Comfort;Price;Craftmanship","Elegant","Handcrafted / Handmade jewelry -- Artisan jewelry assembled or made by hand","RM 10 - 20","RM 20 - 40","Below RM5","Implusively / Unplanned","3","3","4","its_emilychen ",""
"2020/11/09 8:15:32 PM GMT+8","Female","18 - 23","Earrings;Necklaces;Bracelets / Cuffs;Watches","Style / Design;Quality;Comfort;Price;Craftmanship","Elegant","Handcrafted / Handmade jewelry -- Artisan jewelry assembled or made by hand","RM 10 - 20","RM 20 - 40","Below RM5","Implusively / Unplanned","3","3","3","its_emilychen",""
"2020/11/10 12:20:33 AM GMT+8","Female","18 - 23","Earrings;Rings (not including wedding ring);Bracelets / Cuffs;Watches","Style / Design;Trend;Quality;Comfort;Price","Silver Huggies","Fashion jewelry -- Inexpensive jewelry made out of non-precious stones, metals and immitation gems","RM 10 - 20","RM 60 - 80","RM 5 - 7","Implusively / Unplanned","5","3","5","@yukikii99",""
"2020/11/10 12:33:11 AM GMT+8","Female","18 - 23","Earrings;Necklaces","Style / Design;Price","Statement, Bold","Fashion jewelry -- Inexpensive jewelry made out of non-precious stones, metals and immitation gems","RM 10 - 20","I do not purchase fine / semi-fine / demi-fine earrings at all","Below RM5","Implusively / Unplanned","1","2","2","@ybei_",""
"2020/11/10 9:42:28 AM GMT+8","Female","18 - 23","Earrings;Necklaces;Bracelets / Cuffs","Style / Design;Quality;Comfort;Price;Craftmanship","Silver Huggies","Fashion jewelry -- Inexpensive jewelry made out of non-precious stones, metals and immitation gems","Below RM 10","RM 20 - 40","Below RM5","Implusively / Unplanned","5","3","4","gracezhanen",""
"2020/11/10 12:39:42 PM GMT+8","Female","18 - 23","Earrings;Watches","Style / Design;Price","Silver Huggies","Fine / Semi-fine / Demi-fine jewelry -- Costlier and higher quality jewelry that can be worn day in and day out","RM 10 - 20","Below RM 20","RM 5 - 7","Implusively / Unplanned","2","3","3","sara.ych ",""
"2020/11/10 1:59:42 PM GMT+8","Female","18 - 23","Earrings;Necklaces;Rings (not including wedding ring);Bracelets / Cuffs","Style / Design;Price","Statement, Bold","Fashion jewelry -- Inexpensive jewelry made out of non-precious stones, metals and immitation gems","RM 10 - 20","RM 20 - 40","RM 5 - 7","Implusively / Unplanned","5","3","3","@wan_ee_",""
"2020/11/10 2:11:20 PM GMT+8","Female","18 - 23","Earrings;Necklaces","Style / Design;Price","Silver Huggies","Handcrafted / Handmade jewelry -- Artisan jewelry assembled or made by hand","RM 10 - 20","RM 20 - 40","RM 5 - 7","Implusively / Unplanned","5","3","5","karrotthesalmon",""
"2020/11/10 3:58:51 PM GMT+8","Female","24 - 29","Earrings;Necklaces;Rings (not including wedding ring);Bracelets / Cuffs;Watches","Style / Design;Quality;Comfort;Price","Elegant","Fashion jewelry -- Inexpensive jewelry made out of non-precious stones, metals and immitation gems","RM 20 - 30","RM 20 - 40","Below RM5","Implusively / Unplanned","5","3","5","yshgwong ",""
"2020/11/10 4:06:19 PM GMT+8","Female","18 - 23","Earrings;Necklaces;Rings (not including wedding ring)","Quality;Craftmanship","Elegant","Fashion jewelry -- Inexpensive jewelry made out of non-precious stones, metals and immitation gems","RM 10 - 20","RM 20 - 40","Below RM5","Planned","4","3","2","catania_sarita ",""
"2020/11/10 6:13:41 PM GMT+8","Female","18 - 23","Earrings;Necklaces;Rings (not including wedding ring);Watches","Style / Design;Comfort","Elegant","Handcrafted / Handmade jewelry -- Artisan jewelry assembled or made by hand","RM 10 - 20","RM 20 - 40","Above RM 7","Planned","4","2","4","audrey_egg21",""
"2020/11/11 12:49:43 AM GMT+8","Female","18 - 23","Earrings;Necklaces;Bracelets / Cuffs;Watches","Style / Design;Quality","Silver Huggies","Fine / Semi-fine / Demi-fine jewelry -- Costlier and higher quality jewelry that can be worn day in and day out","RM 10 - 20","RM 20 - 40","Below RM5","Implusively / Unplanned","4","2","2","___jessle___",""
"2020/11/11 12:12:44 PM GMT+8","Female","18 - 23","Earrings;Necklaces;Rings (not including wedding ring);Bracelets / Cuffs;Watches","Comfort;Price","Minimal, Simple","Fashion jewelry -- Inexpensive jewelry made out of non-precious stones, metals and immitation gems","RM 20 - 30","RM 40 - 60","RM 5 - 7","Implusively / Unplanned","4","3","3","@crairisha",""
"2020/11/11 5:17:04 PM GMT+8","Female","18 - 23","Earrings","Style / Design;Trend","Silver Huggies","Fashion jewelry -- Inexpensive jewelry made out of non-precious stones, metals and immitation gems","RM 10 - 20","RM 20 - 40","Below RM5","Implusively / Unplanned","2","3","2","nicoleleelin",""
"2020/11/11 5:21:14 PM GMT+8","Female","18 - 23","Necklaces;Rings (not including wedding ring);Bracelets / Cuffs;Watches;Anklets","Style / Design;Quality;Comfort;Price;Craftmanship","Mismatch","Fine / Semi-fine / Demi-fine jewelry -- Costlier and higher quality jewelry that can be worn day in and day out","RM 20 - 30","RM 40 - 60","RM 5 - 7","Implusively / Unplanned","4","2","5","Jiaajiaaaaa",""
"2020/11/11 5:22:10 PM GMT+8","Male","18 - 23","I don't wear jewelry","Style / Design;Craftmanship","Resin Handmade","Handcrafted / Handmade jewelry -- Artisan jewelry assembled or made by hand","RM 30 - 40","RM 40 - 60","RM 5 - 7","Planned","3","3","5","@sharveenparam     ðŸ˜‰",""
"2020/11/11 5:27:49 PM GMT+8","Male","18 - 23","Watches","Style / Design;Price","Resin Handmade","None of the above","RM 10 - 20","RM 40 - 60","RM 5 - 7","Implusively / Unplanned","3","5","4","@kaisheng99 ",""
"2020/11/11 5:32:46 PM GMT+8","Female","18 - 23","Earrings;Necklaces;Rings (not including wedding ring);Bracelets / Cuffs;Watches","Style / Design;Quality;Comfort","Elegant","Fine / Semi-fine / Demi-fine jewelry -- Costlier and higher quality jewelry that can be worn day in and day out","RM 10 - 20","RM 60 - 80","Below RM5","Planned","5","3","2","@jingwei_x",""
"2020/11/11 5:47:44 PM GMT+8","Female","18 - 23","Earrings;Necklaces;Rings (not including wedding ring);Bracelets / Cuffs;Watches","Style / Design;Quality","Minimal, Simple","Fine / Semi-fine / Demi-fine jewelry -- Costlier and higher quality jewelry that can be worn day in and day out","RM 10 - 20","RM 60 - 80","Below RM5","Implusively / Unplanned","4","2","4","@yikeii_",""
"2020/11/11 5:50:45 PM GMT+8","Female","18 - 23","Earrings;Necklaces;Brooches / Pins","Style / Design;Trend;Price;Craftmanship","Mismatch","Fashion jewelry -- Inexpensive jewelry made out of non-precious stones, metals and immitation gems","Below RM 10","RM 20 - 40","RM 5 - 7","Implusively / Unplanned","1","2","3","r_valeria00",""
"2020/11/11 5:54:58 PM GMT+8","Female","18 - 23","Earrings;Necklaces;Watches","Style / Design;Trend;Quality;Comfort;Price","Silver Huggies","Fashion jewelry -- Inexpensive jewelry made out of non-precious stones, metals and immitation gems","RM 10 - 20","Below RM 20","Below RM5","Planned","3","4","4","jenniferliwen",""
"2020/11/11 6:28:49 PM GMT+8","Female","18 - 23","Earrings;Rings (not including wedding ring);Watches;Anklets","Style / Design;Price","Resin Handmade","Fine / Semi-fine / Demi-fine jewelry -- Costlier and higher quality jewelry that can be worn day in and day out","RM 20 - 30","RM 40 - 60","Below RM5","Planned","3","3","5","x_ufern ",""
"2020/11/11 6:33:54 PM GMT+8","Female","18 - 23","Earrings;Necklaces","Style / Design;Quality;Comfort;Craftmanship","Resin Handmade","Fine / Semi-fine / Demi-fine jewelry -- Costlier and higher quality jewelry that can be worn day in and day out","RM 20 - 30","Above RM 80","RM 5 - 7","Planned","3","1","4","WhatsApp 0172829027",""
"2020/11/11 6:36:54 PM GMT+8","Male","18 - 23","Watches","Style / Design;Comfort","Silver Huggies","None of the above","RM 20 - 30","RM 40 - 60","Below RM5","Implusively / Unplanned","1","3","4","N/a",""
"2020/11/11 6:38:13 PM GMT+8","Female","18 - 23","Earrings;Rings (not including wedding ring)","Quality;Craftmanship","Minimal, Simple","None of the above","RM 10 - 20","RM 40 - 60","RM 5 - 7","Implusively / Unplanned","2","3","4","suyeetsy",""
"2020/11/11 6:59:24 PM GMT+8","Female","18 - 23","Earrings;Necklaces;Bracelets / Cuffs","Style / Design;Comfort;Price","Statement, Bold","Fashion jewelry -- Inexpensive jewelry made out of non-precious stones, metals and immitation gems","RM 10 - 20","Below RM 20","RM 5 - 7","Implusively / Unplanned","2","2","4","qiwen1221",""
"2020/11/11 7:03:13 PM GMT+8","Male","18 - 23","Watches","Style / Design;Quality","Silver Huggies","None of the above","I do not purchase fashion earrings at all","I do not purchase fine / semi-fine / demi-fine earrings at all","RM 5 - 7","Planned","2","5","3","@kimchi_papi_",""
"2020/11/11 7:19:48 PM GMT+8","Female","24 - 29","Earrings;Necklaces;Bracelets / Cuffs;Watches","Style / Design;Trend;Quality;Comfort;Price;Designer / Brand;Craftmanship","Elegant","Fine / Semi-fine / Demi-fine jewelry -- Costlier and higher quality jewelry that can be worn day in and day out","Below RM 10","Below RM 20","Below RM5","Planned","4","3","3","gnily99",""
"2020/11/11 7:21:05 PM GMT+8","Female","24 - 29","Earrings;Rings (not including wedding ring);Watches","Style / Design;Quality","Elegant","Fashion jewelry -- Inexpensive jewelry made out of non-precious stones, metals and immitation gems","Below RM 10","Below RM 20","RM 5 - 7","Implusively / Unplanned","5","5","5","@vivienlmy",""
"2020/11/11 7:22:28 PM GMT+8","Female","18 - 23","Earrings;Necklaces","Style / Design;Trend;Quality;Comfort;Price;Designer / Brand;Craftmanship","Minimal, Simple","Fashion jewelry -- Inexpensive jewelry made out of non-precious stones, metals and immitation gems","RM 10 - 20","Below RM 20","Below RM5","Planned","3","3","5","_quinn.co / 019-318 7276 ",""
"2020/11/11 7:42:00 PM GMT+8","Female","18 - 23","Rings (not including wedding ring);Bracelets / Cuffs;Watches","Style / Design;Quality","Minimal, Simple","Fine / Semi-fine / Demi-fine jewelry -- Costlier and higher quality jewelry that can be worn day in and day out","RM 20 - 30","RM 60 - 80","RM 5 - 7","Planned","2","2","2","@meixinnn",""
"2020/11/11 7:45:01 PM GMT+8","Female","18 - 23","Earrings;Necklaces;Rings (not including wedding ring);Bracelets / Cuffs;Watches","Style / Design;Trend;Price;Craftmanship","Elegant","Fashion jewelry -- Inexpensive jewelry made out of non-precious stones, metals and immitation gems","RM 10 - 20","RM 20 - 40","Below RM5","Implusively / Unplanned","2","3","4","_samanthaho",""
"2020/11/11 7:48:44 PM GMT+8","Female","18 - 23","Rings (not including wedding ring);Bracelets / Cuffs","Style / Design;Price","Mismatch","Fashion jewelry -- Inexpensive jewelry made out of non-precious stones, metals and immitation gems","RM 20 - 30","RM 40 - 60","RM 5 - 7","Planned","4","2","5","@tehyien ",""
"2020/11/11 9:32:29 PM GMT+8","Female","24 - 29","Earrings;Necklaces;Rings (not including wedding ring);Watches","Style / Design;Quality;Comfort;Price","Silver Huggies","Fashion jewelry -- Inexpensive jewelry made out of non-precious stones, metals and immitation gems","Below RM 10","RM 20 - 40","RM 5 - 7","Planned","4","3","4","gkzoe",""
"2020/11/11 9:59:36 PM GMT+8","Female","18 - 23","Earrings;Necklaces;Rings (not including wedding ring);Bracelets / Cuffs;Anklets","Style / Design;Quality;Designer / Brand;Craftmanship","Resin Handmade","Fine / Semi-fine / Demi-fine jewelry -- Costlier and higher quality jewelry that can be worn day in and day out","RM 30 - 40","RM 40 - 60","Below RM5","Planned","4","4","5","@ri___vain",""
"2020/11/11 10:25:03 PM GMT+8","Female","18 - 23","Earrings;Necklaces;Rings (not including wedding ring);Bracelets / Cuffs","Style / Design;Quality;Designer / Brand","Silver Huggies","Fine / Semi-fine / Demi-fine jewelry -- Costlier and higher quality jewelry that can be worn day in and day out","I do not purchase fashion earrings at all","Above RM 80","Below RM5","Planned","1","3","2","N/a",""
"2020/11/11 11:28:03 PM GMT+8","Female","18 - 23","Earrings;Necklaces;Bracelets / Cuffs;Watches;Brooches / Pins","Style / Design;Trend;Quality;Price;Craftmanship","Elegant","Fashion jewelry -- Inexpensive jewelry made out of non-precious stones, metals and immitation gems","RM 10 - 20","Below RM 20","RM 5 - 7","Implusively / Unplanned","2","3","3","@_kahhan",""
"2020/11/12 12:23:49 AM GMT+8","Female","24 - 29","Earrings;Necklaces;Watches","Style / Design;Quality;Comfort;Price;Craftmanship","Minimal, Simple","Handcrafted / Handmade jewelry -- Artisan jewelry assembled or made by hand","RM 10 - 20","RM 20 - 40","Below RM5","Implusively / Unplanned","3","3","2","harnyyy",""
"2020/11/12 12:45:44 AM GMT+8","Female","18 - 23","Earrings;Necklaces;Watches","Style / Design;Quality;Comfort;Price;Craftmanship","Elegant","Fine / Semi-fine / Demi-fine jewelry -- Costlier and higher quality jewelry that can be worn day in and day out","Below RM 10","RM 20 - 40","Below RM5","Implusively / Unplanned","1","1","2","jessler.js",""
"2020/11/12 5:56:36 AM GMT+8","Female","18 - 23","Earrings;Rings (not including wedding ring)","Style / Design;Quality","Silver Huggies","Fashion jewelry -- Inexpensive jewelry made out of non-precious stones, metals and immitation gems","RM 10 - 20","I do not purchase fine / semi-fine / demi-fine earrings at all","RM 5 - 7","Implusively / Unplanned","5","3","3","@briannamoooonts",""
"2020/11/12 3:52:22 PM GMT+8","Female","Under 18","Earrings;Necklaces;Rings (not including wedding ring);Bracelets / Cuffs;Anklets","Style / Design;Trend;Quality;Comfort;Craftmanship","Minimal, Simple","Handcrafted / Handmade jewelry -- Artisan jewelry assembled or made by hand","Below RM 10","RM 20 - 40","Below RM5","Implusively / Unplanned","5","1","5","yxlnda",""
"2020/11/12 5:17:01 PM GMT+8","Female","30+","Earrings;Rings (not including wedding ring);Anklets","Quality;Designer / Brand","Silver Huggies","Fine / Semi-fine / Demi-fine jewelry -- Costlier and higher quality jewelry that can be worn day in and day out","RM 30 - 40","RM 60 - 80","RM 5 - 7","Implusively / Unplanned","5","5","5","uuhn_yee",""
"2020/11/13 9:45:55 AM GMT+8","Male","18 - 23","Necklaces;Rings (not including wedding ring);Anklets","Quality;Comfort","Minimal, Simple","Handcrafted / Handmade jewelry -- Artisan jewelry assembled or made by hand","RM 20 - 30","RM 40 - 60","Above RM 7","Implusively / Unplanned","3","3","5","@sssandan",""
"2020/11/13 10:21:23 AM GMT+8","Male","24 - 29","I don't wear jewelry","Style / Design;Craftmanship","Elegant","None of the above","RM 10 - 20","RM 40 - 60","RM 5 - 7","Implusively / Unplanned","3","5","2","Rasy",""
"2020/11/13 10:24:48 AM GMT+8","Female","18 - 23","Earrings;Rings (not including wedding ring);Watches","Style / Design;Quality","Elegant","Fashion jewelry -- Inexpensive jewelry made out of non-precious stones, metals and immitation gems","RM 10 - 20","RM 60 - 80","Below RM5","Implusively / Unplanned","3","2","3","meinlee_",""
"2020/11/13 10:38:50 AM GMT+8","Female","18 - 23","Earrings","Style / Design;Quality","Minimal, Simple","Fashion jewelry -- Inexpensive jewelry made out of non-precious stones, metals and immitation gems","Below RM 10","RM 60 - 80","Below RM5","Planned","2","4","2","@foodadventureswme",""
"2020/11/13 11:27:10 AM GMT+8","Female","Under 18","Earrings","Style / Design;Quality;Craftmanship","itâ€™s either silver huggies or mismatched","Fashion jewelry -- Inexpensive jewelry made out of non-precious stones, metals and immitation gems","Below RM 10","Below RM 20","Below RM5","Implusively / Unplanned","3","4","4","@_siew_later_",""
"2020/11/13 11:49:03 AM GMT+8","Female","18 - 23","Earrings;Necklaces;Rings (not including wedding ring);Bracelets / Cuffs","Style / Design;Quality","Elegant","Fine / Semi-fine / Demi-fine jewelry -- Costlier and higher quality jewelry that can be worn day in and day out","RM 10 - 20","RM 60 - 80","RM 5 - 7","Implusively / Unplanned","4","2","4","@eugeniemunn",""
"2020/11/13 12:39:10 PM GMT+8","Female","18 - 23","Earrings","Quality;Comfort","Minimal, Simple","Fine / Semi-fine / Demi-fine jewelry -- Costlier and higher quality jewelry that can be worn day in and day out","RM 10 - 20","RM 40 - 60","Below RM5","Planned","2","3","1","yumei_khi",""
"2020/11/13 12:52:34 PM GMT+8","Female","18 - 23","Earrings","Style / Design;Comfort","Silver Huggies","Fine / Semi-fine / Demi-fine jewelry -- Costlier and higher quality jewelry that can be worn day in and day out","RM 10 - 20","RM 40 - 60","Below RM5","Planned","3","2","1","mz.kyo",""
"2020/11/14 2:02:50 AM GMT+8","Male","18 - 23","Necklaces;Bracelets / Cuffs;Watches","Style / Design;Comfort;Price","Minimal, Simple","Handcrafted / Handmade jewelry -- Artisan jewelry assembled or made by hand","RM 20 - 30","RM 60 - 80","RM 5 - 7","Implusively / Unplanned","3","2","3","NA",""
"2020/11/15 2:03:56 PM GMT+8","Female","18 - 23","Earrings;Necklaces;Rings (not including wedding ring);Bracelets / Cuffs;Watches;Anklets","Style / Design;Quality","Minimal, Simple","Fine / Semi-fine / Demi-fine jewelry -- Costlier and higher quality jewelry that can be worn day in and day out","RM 20 - 30","RM 40 - 60","Below RM5","Planned","5","4","3","@nataliemlyx",""
"2020/11/15 7:34:05 PM GMT+8","Female","18 - 23","Earrings;Necklaces;Bracelets / Cuffs;Watches","Comfort;Price","Resin Handmade","Fashion jewelry -- Inexpensive jewelry made out of non-precious stones, metals and immitation gems","Below RM 10","Below RM 20","Below RM5","Implusively / Unplanned","2","2","5","@dorothyyeong",""
"2020/11/17 12:56:18 PM GMT+8","Female","24 - 29","Earrings;Necklaces;Rings (not including wedding ring);Watches;Anklets","Style / Design;Quality;Comfort;Price;Craftmanship","Minimal, Simple","Fine / Semi-fine / Demi-fine jewelry -- Costlier and higher quality jewelry that can be worn day in and day out","RM 10 - 20","RM 20 - 40","Below RM5","Planned","3","3","5","charmaineyeap",""
"2020/11/18 8:24:09 PM GMT+8","Female","18 - 23","Earrings;Rings (not including wedding ring);Bracelets / Cuffs","Style / Design;Comfort","Silver Huggies","Fashion jewelry -- Inexpensive jewelry made out of non-precious stones, metals and immitation gems","RM 20 - 30","RM 20 - 40","RM 5 - 7","Implusively / Unplanned","4","4","2","l3.59am",""
"2020/11/19 5:26:59 AM GMT+8","Female","18 - 23","Earrings;Rings (not including wedding ring);Bracelets / Cuffs","Style / Design;Craftmanship","Mismatch","Fashion jewelry -- Inexpensive jewelry made out of non-precious stones, metals and immitation gems","RM 20 - 30","RM 40 - 60","RM 5 - 7","Implusively / Unplanned","3","3","4","celinetaan",""
"2020/11/19 9:53:35 AM GMT+8","Female","Under 18","Earrings;Necklaces;Bracelets / Cuffs","Style / Design;Quality;Craftmanship","Silver Huggies","Handcrafted / Handmade jewelry -- Artisan jewelry assembled or made by hand","RM 10 - 20","RM 20 - 40","RM 5 - 7","Implusively / Unplanned","4","3","4","Vs07f",""
"2020/11/19 9:53:58 AM GMT+8","Female","24 - 29","Necklaces;Bracelets / Cuffs","Style / Design;Quality;Price","Elegant","Handcrafted / Handmade jewelry -- Artisan jewelry assembled or made by hand","RM 20 - 30","RM 20 - 40","RM 5 - 7","Implusively / Unplanned","3","2","2","Leencoolbeans",""
"2020/11/19 9:57:06 AM GMT+8","Male","30+","Necklaces;Rings (not including wedding ring);Bracelets / Cuffs","Style / Design;Quality;Comfort;Price;Craftmanship","Minimal, Simple","Handcrafted / Handmade jewelry -- Artisan jewelry assembled or made by hand","Above RM 40","Above RM 80","RM 5 - 7","Planned","3","4","5","@ameereeka",""
"2020/11/19 10:30:59 AM GMT+8","Female","24 - 29","Earrings;Necklaces;Rings (not including wedding ring);Bracelets / Cuffs","Style / Design;Quality;Price;Craftmanship","Silver Huggies","Handcrafted / Handmade jewelry -- Artisan jewelry assembled or made by hand","RM 20 - 30","RM 40 - 60","Below RM5","Implusively / Unplanned","2","2","2","Justmemoney",""
"2020/11/19 10:31:18 AM GMT+8","Female","18 - 23","Earrings;Necklaces;Rings (not including wedding ring);Bracelets / Cuffs;Watches","Style / Design;Trend;Quality;Price","Elegant","Fashion jewelry -- Inexpensive jewelry made out of non-precious stones, metals and immitation gems","RM 10 - 20","RM 40 - 60","Below RM5","Implusively / Unplanned","5","1","3","@fiocupu",""
"2020/11/19 10:51:35 AM GMT+8","Female","18 - 23","Earrings;Necklaces","Style / Design;Quality;Price;Craftmanship","Minimal, Simple","Handcrafted / Handmade jewelry -- Artisan jewelry assembled or made by hand","Below RM 10","RM 20 - 40","RM 5 - 7","Planned","3","4","2","@kelynn_lee",""
"2020/11/19 11:09:21 AM GMT+8","Female","Under 18","Earrings;Necklaces;Rings (not including wedding ring);Anklets","Style / Design;Quality;Price","Silver Huggies","Fashion jewelry -- Inexpensive jewelry made out of non-precious stones, metals and immitation gems","RM 10 - 20","RM 20 - 40","Below RM5","Implusively / Unplanned","4","3","5","@milopingkawww",""
"2020/11/19 11:25:32 AM GMT+8","Female","18 - 23","Earrings;Rings (not including wedding ring)","Style / Design","Silver Huggies","Fine / Semi-fine / Demi-fine jewelry -- Costlier and higher quality jewelry that can be worn day in and day out","Above RM 40","Above RM 80","Above RM 7","Implusively / Unplanned","3","3","1","j0ey.k",""
"2020/11/19 11:35:23 AM GMT+8","Female","18 - 23","Earrings;Necklaces;Bracelets / Cuffs","Style / Design;Quality","Minimal, Simple","Fine / Semi-fine / Demi-fine jewelry -- Costlier and higher quality jewelry that can be worn day in and day out","RM 20 - 30","RM 40 - 60","Below RM5","Implusively / Unplanned","4","2","3","@sheryyllee",""
"2020/11/19 2:35:29 PM GMT+8","Female","18 - 23","Earrings;Necklaces","Style / Design;Price","Mismatch","Fine / Semi-fine / Demi-fine jewelry -- Costlier and higher quality jewelry that can be worn day in and day out","Above RM 40","RM 60 - 80","RM 5 - 7","Implusively / Unplanned","5","2","5","susannaking._",""
"2020/11/19 2:38:28 PM GMT+8","Female","18 - 23","Earrings;Necklaces;Bracelets / Cuffs","Style / Design;Trend;Quality;Comfort;Price","Minimal, Simple","Fashion jewelry -- Inexpensive jewelry made out of non-precious stones, metals and immitation gems","Below RM 10","RM 20 - 40","Below RM5","Implusively / Unplanned","5","5","4","gracezhanen",""
"2020/11/19 3:31:01 PM GMT+8","Female","18 - 23","Earrings;Bracelets / Cuffs;Watches","Style / Design;Price","Elegant","Fashion jewelry -- Inexpensive jewelry made out of non-precious stones, metals and immitation gems","Below RM 10","RM 20 - 40","RM 5 - 7","Planned","5","2","3","___sarahjane__",""
"2020/11/19 5:42:47 PM GMT+8","Female","18 - 23","Earrings;Necklaces;Rings (not including wedding ring);Bracelets / Cuffs","Style / Design;Trend","Mismatch","Fashion jewelry -- Inexpensive jewelry made out of non-precious stones, metals and immitation gems","RM 10 - 20","RM 20 - 40","Below RM5","Implusively / Unplanned","3","2","3","joyemiliaboh",""
"2020/11/19 8:59:53 PM GMT+8","Female","18 - 23","Earrings;Necklaces;Rings (not including wedding ring);Bracelets / Cuffs;Watches","Style / Design;Quality","Elegant","Fine / Semi-fine / Demi-fine jewelry -- Costlier and higher quality jewelry that can be worn day in and day out","RM 10 - 20","RM 40 - 60","Below RM5","Planned","2","4","4","zoweexoxo",""
"2020/11/21 7:51:34 AM GMT+8","Female","18 - 23","Earrings;Necklaces","Style / Design;Quality;Price;Designer / Brand","Silver Huggies","Fashion jewelry -- Inexpensive jewelry made out of non-precious stones, metals and immitation gems","RM 30 - 40","RM 20 - 40","Below RM5","Implusively / Unplanned","3","4","5","chloeelimm_",""
"2020/11/21 10:48:56 AM GMT+8","Female","18 - 23","Necklaces;Rings (not including wedding ring)","Style / Design;Price","Mismatch","Handcrafted / Handmade jewelry -- Artisan jewelry assembled or made by hand","I do not purchase fashion earrings at all","I do not purchase fine / semi-fine / demi-fine earrings at all","Above RM 7","Implusively / Unplanned","4","3","3","evianlim",""
"2020/11/21 11:09:53 AM GMT+8","Male","18 - 23","I don't wear jewelry","Style / Design;Designer / Brand","Elegant","Fine / Semi-fine / Demi-fine jewelry -- Costlier and higher quality jewelry that can be worn day in and day out","I do not purchase fashion earrings at all","RM 20 - 40","Below RM5","Implusively / Unplanned","3","3","4","limjovi7",""
"2020/11/21 11:16:24 AM GMT+8","Female","18 - 23","Earrings;Necklaces","Style / Design;Quality;Price;Craftmanship","Silver Huggies","Fine / Semi-fine / Demi-fine jewelry -- Costlier and higher quality jewelry that can be worn day in and day out","RM 10 - 20","RM 20 - 40","Below RM5","Implusively / Unplanned","4","3","3","@quaaahhhh",""
"2020/11/21 11:17:21 AM GMT+8","Female","18 - 23","Earrings;Necklaces;Rings (not including wedding ring);Bracelets / Cuffs;Watches","Style / Design;Trend;Quality;Comfort;Price;Designer / Brand;Craftmanship","Statement, Bold","Fine / Semi-fine / Demi-fine jewelry -- Costlier and higher quality jewelry that can be worn day in and day out","Below RM 10","Below RM 20","RM 5 - 7","Implusively / Unplanned","2","4","1","Jan ",""
"2020/11/21 11:59:43 AM GMT+8","Female","18 - 23","Earrings;Necklaces","Style / Design;Quality;Comfort","Silver Huggies","Fine / Semi-fine / Demi-fine jewelry -- Costlier and higher quality jewelry that can be worn day in and day out","RM 30 - 40","RM 40 - 60","RM 5 - 7","Planned","2","5","2","@celiseng",""
"2020/11/21 12:34:09 PM GMT+8","Female","18 - 23","Necklaces;Rings (not including wedding ring);Bracelets / Cuffs","Style / Design;Trend","Mismatch","Fine / Semi-fine / Demi-fine jewelry -- Costlier and higher quality jewelry that can be worn day in and day out","Above RM 40","Above RM 80","RM 5 - 7","Planned","4","4","4","shlzhe",""
"2020/11/21 1:21:04 PM GMT+8","Female","18 - 23","Earrings","Style / Design;Quality","Mismatch","Fashion jewelry -- Inexpensive jewelry made out of non-precious stones, metals and immitation gems","RM 20 - 30","RM 60 - 80","RM 5 - 7","Implusively / Unplanned","3","4","4","@pwincesssoya",""
"2020/11/21 2:57:55 PM GMT+8","Female","18 - 23","Earrings;Necklaces;Rings (not including wedding ring);Watches","Style / Design;Trend;Quality;Designer / Brand;Craftmanship","Minimal, Simple","Fashion jewelry -- Inexpensive jewelry made out of non-precious stones, metals and immitation gems","RM 10 - 20","RM 40 - 60","Below RM5","Implusively / Unplanned","4","4","2","jialingg__",""
"2020/11/21 2:58:22 PM GMT+8","Male","18 - 23","Bracelets / Cuffs;Watches","Style / Design;Quality;Comfort","Minimal, Simple","Fashion jewelry -- Inexpensive jewelry made out of non-precious stones, metals and immitation gems","RM 20 - 30","RM 20 - 40","Below RM5","Implusively / Unplanned","4","1","4","teikjian",""
"2020/11/21 2:59:24 PM GMT+8","Female","18 - 23","Necklaces;Bracelets / Cuffs","Quality;Comfort;Craftmanship","Elegant","Handcrafted / Handmade jewelry -- Artisan jewelry assembled or made by hand","Below RM 10","RM 40 - 60","RM 5 - 7","Implusively / Unplanned","3","4","2","Hi bij I miss you ",""
"2020/11/21 3:09:03 PM GMT+8","Male","18 - 23","I don't wear jewelry","Style / Design;Trend;Quality;Comfort;Price","Elegant","None of the above","I do not purchase fashion earrings at all","I do not purchase fine / semi-fine / demi-fine earrings at all","Below RM5","Planned","2","2","2","n/a",""
"2020/11/21 3:10:08 PM GMT+8","Male","18 - 23","Earrings","Style / Design;Quality;Comfort","Silver Huggies","Handcrafted / Handmade jewelry -- Artisan jewelry assembled or made by hand","Above RM 40","RM 20 - 40","RM 5 - 7","Implusively / Unplanned","3","3","2","bryenaeria",""
"2020/11/21 3:49:40 PM GMT+8","Male","18 - 23","Necklaces;Watches","Style / Design;Price","Silver Huggies","None of the above","I do not purchase fashion earrings at all","RM 20 - 40","Below RM5","Planned","2","3","4","yuchennlee",""
"2020/11/21 4:33:32 PM GMT+8","Male","18 - 23","Earrings","Style / Design;Quality;Comfort","Silver Huggies","Handcrafted / Handmade jewelry -- Artisan jewelry assembled or made by hand","Above RM 40","RM 20 - 40","RM 5 - 7","Implusively / Unplanned","3","3","2","bryenaeria",""
"2020/11/21 4:42:36 PM GMT+8","Male","18 - 23","Necklaces;Bracelets / Cuffs;Watches","Style / Design;Price","Elegant","Fashion jewelry -- Inexpensive jewelry made out of non-precious stones, metals and immitation gems","I do not purchase fashion earrings at all","RM 20 - 40","RM 5 - 7","Implusively / Unplanned","5","1","3","N/a",""
"2020/11/21 4:49:26 PM GMT+8","Female","Under 18","Earrings;Rings (not including wedding ring);Watches","Style / Design;Quality","Silver Huggies","Fashion jewelry -- Inexpensive jewelry made out of non-precious stones, metals and immitation gems","RM 10 - 20","RM 20 - 40","Below RM5","Planned","5","5","5","piikaa._",""
"2020/11/21 5:36:44 PM GMT+8","Female","Under 18","Earrings;Necklaces;Rings (not including wedding ring);Bracelets / Cuffs;Watches","Style / Design;Quality","Silver Huggies","Fine / Semi-fine / Demi-fine jewelry -- Costlier and higher quality jewelry that can be worn day in and day out","RM 10 - 20","Below RM 20","RM 5 - 7","Implusively / Unplanned","3","3","4","@vanessa0318__",""
"2020/11/21 5:36:49 PM GMT+8","Female","Under 18","Earrings;Necklaces;Rings (not including wedding ring);Bracelets / Cuffs;Watches","Style / Design;Quality","Silver Huggies","Fine / Semi-fine / Demi-fine jewelry -- Costlier and higher quality jewelry that can be worn day in and day out","RM 10 - 20","Below RM 20","RM 5 - 7","Implusively / Unplanned","3","3","4","@vanessa0318__",""
"2020/11/21 5:46:34 PM GMT+8","Female","18 - 23","Necklaces;Rings (not including wedding ring);Bracelets / Cuffs","Style / Design;Price","Silver Huggies","Fashion jewelry -- Inexpensive jewelry made out of non-precious stones, metals and immitation gems","RM 10 - 20","RM 20 - 40","RM 5 - 7","Implusively / Unplanned","5","4","2","wenmitt",""
"2020/11/21 5:54:14 PM GMT+8","Female","30+","Earrings","Style / Design;Trend","Resin Handmade","Fashion jewelry -- Inexpensive jewelry made out of non-precious stones, metals and immitation gems","RM 20 - 30","RM 20 - 40","RM 5 - 7","Implusively / Unplanned","4","1","1","premamargali24 ",""
"2020/11/21 5:54:39 PM GMT+8","Female","24 - 29","Earrings;Necklaces;Rings (not including wedding ring);Bracelets / Cuffs","Style / Design;Price","Silver Huggies","Fashion jewelry -- Inexpensive jewelry made out of non-precious stones, metals and immitation gems","RM 10 - 20","Below RM 20","Below RM5","Implusively / Unplanned","3","3","3","@Missnayyaa",""
"2020/11/21 6:00:14 PM GMT+8","Female","30+","Earrings;Necklaces;Rings (not including wedding ring);Bracelets / Cuffs;Watches","Style / Design;Craftmanship","Minimal, Simple","Handcrafted / Handmade jewelry -- Artisan jewelry assembled or made by hand","Above RM 40","RM 60 - 80","Above RM 7","Implusively / Unplanned","5","5","5","marywong570 ",""
"2020/11/21 6:02:26 PM GMT+8","Female","18 - 23","Earrings;Necklaces;Watches","Style / Design;Trend","Minimal, Simple","Fashion jewelry -- Inexpensive jewelry made out of non-precious stones, metals and immitation gems","RM 10 - 20","RM 40 - 60","RM 5 - 7","Planned","3","3","2","oqueniee_e",""
"2020/11/21 6:06:01 PM GMT+8","Female","18 - 23","Earrings","Style / Design;Quality;Comfort","Minimal, Simple","Fashion jewelry -- Inexpensive jewelry made out of non-precious stones, metals and immitation gems","RM 20 - 30","Above RM 80","RM 5 - 7","Implusively / Unplanned","4","2","4","hyeyx",""
"2020/11/21 6:07:18 PM GMT+8","Female","Under 18","Earrings;Necklaces;Rings (not including wedding ring);Bracelets / Cuffs;Anklets","Style / Design;Trend;Price","Mismatch","Fashion jewelry -- Inexpensive jewelry made out of non-precious stones, metals and immitation gems","RM 10 - 20","Below RM 20","RM 5 - 7","Implusively / Unplanned","4","3","3","_kiro.m ",""
"2020/11/21 6:07:35 PM GMT+8","Female","18 - 23","Earrings;Necklaces","Style / Design","Elegant","None of the above","I do not purchase fashion earrings at all","I do not purchase fine / semi-fine / demi-fine earrings at all","RM 5 - 7","Planned","5","4","5","@lennyejg",""
"2020/11/21 6:07:42 PM GMT+8","Female","30+","Earrings;Necklaces;Bracelets / Cuffs","Style / Design;Quality","Minimal, Simple","Fashion jewelry -- Inexpensive jewelry made out of non-precious stones, metals and immitation gems","Below RM 10","RM 20 - 40","Below RM5","Implusively / Unplanned","4","3","3","yeelian88 ",""
"2020/11/21 6:09:15 PM GMT+8","Female","18 - 23","Earrings;Necklaces;Watches","Style / Design;Trend","Minimal, Simple","Handcrafted / Handmade jewelry -- Artisan jewelry assembled or made by hand","RM 20 - 30","RM 40 - 60","RM 5 - 7","Implusively / Unplanned","5","1","3","@_kai_sian_",""
"2020/11/21 6:24:43 PM GMT+8","Female","18 - 23","Earrings;Necklaces;Rings (not including wedding ring);Bracelets / Cuffs;Watches","Quality;Price","Mismatch","Fashion jewelry -- Inexpensive jewelry made out of non-precious stones, metals and immitation gems","RM 10 - 20","RM 20 - 40","RM 5 - 7","Implusively / Unplanned","4","2","4","kathytsai_43",""
"2020/11/21 6:39:56 PM GMT+8","Female","30+","Earrings;Bracelets / Cuffs","Style / Design;Trend;Quality","Minimal, Simple","Fashion jewelry -- Inexpensive jewelry made out of non-precious stones, metals and immitation gems","RM 20 - 30","RM 20 - 40","Below RM5","Implusively / Unplanned","4","3","3","@mumsgather",""
"2020/11/21 6:42:54 PM GMT+8","Female","18 - 23","Earrings;Necklaces;Bracelets / Cuffs;Watches;Nose ring","Comfort;Craftmanship","Statement, Bold","Fine / Semi-fine / Demi-fine jewelry -- Costlier and higher quality jewelry that can be worn day in and day out","RM 20 - 30","RM 40 - 60","RM 5 - 7","Implusively / Unplanned","4","2","5","_strawberry_sundae",""
"2020/11/21 6:44:23 PM GMT+8","Female","30+","Earrings","Style / Design;Price","Elegant","Fine / Semi-fine / Demi-fine jewelry -- Costlier and higher quality jewelry that can be worn day in and day out","RM 10 - 20","RM 20 - 40","Below RM5","Implusively / Unplanned","3","3","5","Sasha.Tan",""
"2020/11/21 6:53:27 PM GMT+8","Female","24 - 29","Earrings;Rings (not including wedding ring);Bracelets / Cuffs;Watches","Style / Design;Trend;Quality;Comfort;Price;Designer / Brand","Mismatch","Fashion jewelry -- Inexpensive jewelry made out of non-precious stones, metals and immitation gems","RM 10 - 20","Below RM 20","Below RM5","Implusively / Unplanned","5","1","5","rachellee0426",""
"2020/11/21 7:00:12 PM GMT+8","Female","30+","Earrings;Watches","Style / Design;Comfort","Minimal, Simple","Fashion jewelry -- Inexpensive jewelry made out of non-precious stones, metals and immitation gems","RM 10 - 20","RM 40 - 60","RM 5 - 7","Implusively / Unplanned","1","3","1","@jrupini",""
"2020/11/21 7:36:17 PM GMT+8","Female","18 - 23","Earrings;Necklaces;Bracelets / Cuffs","Style / Design;Trend","Minimal, Simple","Fashion jewelry -- Inexpensive jewelry made out of non-precious stones, metals and immitation gems","RM 10 - 20","RM 40 - 60","Below RM5","Implusively / Unplanned","5","2","4","@Ywaith01 ",""
"2020/11/21 7:37:10 PM GMT+8","Female","Under 18","Earrings;Necklaces;Rings (not including wedding ring);Watches","Style / Design;Price","Minimal, Simple","Fashion jewelry -- Inexpensive jewelry made out of non-precious stones, metals and immitation gems","Below RM 10","RM 20 - 40","RM 5 - 7","Planned","1","1","4","leticialariche",""
"2020/11/21 7:39:23 PM GMT+8","Female","18 - 23","Earrings;Necklaces;Rings (not including wedding ring);Bracelets / Cuffs;Watches","Style / Design;Comfort","Elegant","Handcrafted / Handmade jewelry -- Artisan jewelry assembled or made by hand","Below RM 10","RM 20 - 40","Below RM5","Implusively / Unplanned","5","5","4","Niceeverr12 ",""
"2020/11/21 7:39:26 PM GMT+8","Female","18 - 23","Earrings;Necklaces","Style / Design;Comfort;Price","Mismatch","Fine / Semi-fine / Demi-fine jewelry -- Costlier and higher quality jewelry that can be worn day in and day out","RM 10 - 20","RM 20 - 40","Below RM5","Implusively / Unplanned","4","4","3","shuwen1224",""
"2020/11/21 7:48:11 PM GMT+8","Female","24 - 29","Earrings","Style / Design;Trend","Mismatch","Fashion jewelry -- Inexpensive jewelry made out of non-precious stones, metals and immitation gems","RM 10 - 20","Below RM 20","RM 5 - 7","Implusively / Unplanned","5","5","5","winni_gemini666",""
"2020/11/21 8:06:50 PM GMT+8","Female","Under 18","Earrings;Necklaces;Bracelets / Cuffs;Watches;Brooches / Pins","Style / Design;Quality;Comfort;Price","Mismatch","Fine / Semi-fine / Demi-fine jewelry -- Costlier and higher quality jewelry that can be worn day in and day out","RM 10 - 20","Below RM 20","Below RM5","Implusively / Unplanned","2","3","5","@nrshisya :D hoping u have a great day! ",""
"2020/11/21 8:06:54 PM GMT+8","Female","18 - 23","Earrings;Necklaces;Rings (not including wedding ring);Bracelets / Cuffs;Watches","Style / Design;Trend","Minimal, Simple","Fashion jewelry -- Inexpensive jewelry made out of non-precious stones, metals and immitation gems","Below RM 10","RM 40 - 60","Below RM5","Implusively / Unplanned","5","3","3","selinaachau",""
"2020/11/21 8:20:22 PM GMT+8","Female","Under 18","Earrings;Necklaces;Rings (not including wedding ring);Bracelets / Cuffs;Watches","Trend;Price","Silver Huggies","Fashion jewelry -- Inexpensive jewelry made out of non-precious stones, metals and immitation gems","Below RM 10","Below RM 20","RM 5 - 7","Implusively / Unplanned","3","5","5","@_nonghannah_",""
"2020/11/21 8:24:53 PM GMT+8","Female","18 - 23","Earrings;Necklaces;Watches;Anklets;Brooches / Pins","Style / Design;Comfort","Silver Huggies","Fashion jewelry -- Inexpensive jewelry made out of non-precious stones, metals and immitation gems","RM 20 - 30","Below RM 20","RM 5 - 7","Implusively / Unplanned","4","5","5","0146372663",""
"2020/11/21 8:28:30 PM GMT+8","Female","24 - 29","Earrings;Necklaces;Rings (not including wedding ring);Bracelets / Cuffs;Watches","Style / Design;Quality;Comfort;Price;Craftmanship","Elegant","Fine / Semi-fine / Demi-fine jewelry -- Costlier and higher quality jewelry that can be worn day in and day out","RM 10 - 20","RM 20 - 40","Below RM5","Implusively / Unplanned","4","5","5","kimberlyjenta",""
"2020/11/21 9:02:52 PM GMT+8","Female","18 - 23","Earrings;Necklaces;Watches","Style / Design;Quality;Price;Craftmanship","Mismatch","Fine / Semi-fine / Demi-fine jewelry -- Costlier and higher quality jewelry that can be worn day in and day out","RM 20 - 30","RM 20 - 40","Below RM5","Planned","1","3","5","camillaaa0911",""
"2020/11/21 9:03:52 PM GMT+8","Female","Under 18","Earrings;Necklaces;Bracelets / Cuffs;Watches","Style / Design;Quality;Comfort;Price","Silver Huggies","Fashion jewelry -- Inexpensive jewelry made out of non-precious stones, metals and immitation gems","RM 10 - 20","Below RM 20","","Implusively / Unplanned","1","1","3","moonxivy_ivxlyn",""
"2020/11/21 9:22:39 PM GMT+8","Female","30+","Earrings;Necklaces;Bracelets / Cuffs;Watches","Style / Design;Trend;Comfort;Price;Craftmanship","Elegant","Fine / Semi-fine / Demi-fine jewelry -- Costlier and higher quality jewelry that can be worn day in and day out","RM 10 - 20","RM 60 - 80","Below RM5","Implusively / Unplanned","3","2","4","Ruth_Art123",""
"2020/11/21 9:32:34 PM GMT+8","Female","Under 18","Earrings;Necklaces;Bracelets / Cuffs;Watches;Brooches / Pins","Comfort;Price","Gold Earings","Fashion jewelry -- Inexpensive jewelry made out of non-precious stones, metals and immitation gems","RM 10 - 20","RM 20 - 40","RM 5 - 7","Implusively / Unplanned","5","5","5","@mia_sara_lover_",""
"2020/11/21 9:54:42 PM GMT+8","Female","30+","Earrings;Necklaces;Rings (not including wedding ring);Bracelets / Cuffs;Watches","Style / Design;Quality;Comfort;Price;Craftmanship","Resin Handmade","Handcrafted / Handmade jewelry -- Artisan jewelry assembled or made by hand","RM 20 - 30","Above RM 80","RM 5 - 7","Implusively / Unplanned","4","2","5","Thehappymalaysian",""
"2020/11/21 10:01:45 PM GMT+8","Female","30+","Earrings;Necklaces;Watches","Style / Design;Comfort;Price;Craftmanship","Elegant","Fashion jewelry -- Inexpensive jewelry made out of non-precious stones, metals and immitation gems","RM 10 - 20","RM 40 - 60","Below RM5","Implusively / Unplanned","4","1","4","shejayne",""
"2020/11/21 10:35:17 PM GMT+8","Female","24 - 29","Earrings;Necklaces;Rings (not including wedding ring);Bracelets / Cuffs","Style / Design;Trend","Elegant","Fashion jewelry -- Inexpensive jewelry made out of non-precious stones, metals and immitation gems","Above RM 40","RM 40 - 60","Above RM 7","Planned","5","5","5","Ah_jaynee",""
"2020/11/21 10:37:24 PM GMT+8","Female","24 - 29","Earrings","Style / Design;Comfort","Minimal, Simple","Handcrafted / Handmade jewelry -- Artisan jewelry assembled or made by hand","Below RM 10","RM 20 - 40","RM 5 - 7","Implusively / Unplanned","2","4","4","Livis06",""
"2020/11/21 10:37:37 PM GMT+8","Male","18 - 23","Necklaces;Rings (not including wedding ring);Watches","Style / Design;Designer / Brand","Man style ","Fashion jewelry -- Inexpensive jewelry made out of non-precious stones, metals and immitation gems","RM 30 - 40","RM 40 - 60","Above RM 7","Planned","5","5","5","Anderson_ting_kai",""
"2020/11/21 10:38:10 PM GMT+8","Female","30+","Earrings;Necklaces;Watches","Style / Design;Quality","Mismatch","Handcrafted / Handmade jewelry -- Artisan jewelry assembled or made by hand","RM 20 - 30","RM 40 - 60","Below RM5","Planned","4","3","3","ekohksl",""
"2020/11/21 11:00:39 PM GMT+8","Female","24 - 29","Earrings","Style / Design;Trend;Quality;Price;Craftmanship","Minimal, Simple","Fine / Semi-fine / Demi-fine jewelry -- Costlier and higher quality jewelry that can be worn day in and day out","RM 10 - 20","RM 40 - 60","Below RM5","Implusively / Unplanned","5","3","5","aikchien / aikychien@yahoo.com",""
"2020/11/21 11:03:36 PM GMT+8","Female","30+","Earrings;Necklaces;Bracelets / Cuffs;Watches","Style / Design;Trend;Quality;Comfort;Price;Craftmanship","Mismatch","Handcrafted / Handmade jewelry -- Artisan jewelry assembled or made by hand","RM 10 - 20","RM 20 - 40","RM 5 - 7","Implusively / Unplanned","5","2","2","vivifoo_",""
"2020/11/21 11:35:30 PM GMT+8","Female","18 - 23","Earrings;Necklaces;Bracelets / Cuffs;Watches","Style / Design;Quality;Comfort;Price","Minimal, Simple","Fine / Semi-fine / Demi-fine jewelry -- Costlier and higher quality jewelry that can be worn day in and day out","RM 20 - 30","RM 60 - 80","RM 5 - 7","Planned","3","2","5","Sunnnyy_____",""
"2020/11/21 11:48:36 PM GMT+8","Female","18 - 23","Earrings;Necklaces;Bracelets / Cuffs;Anklets","Style / Design;Price","Minimal, Simple","Fashion jewelry -- Inexpensive jewelry made out of non-precious stones, metals and immitation gems","Below RM 10","Below RM 20","Below RM5","Implusively / Unplanned","3","2","5","chingmun98",""
"2020/11/21 11:52:21 PM GMT+8","Female","18 - 23","Earrings;Necklaces;Rings (not including wedding ring);Bracelets / Cuffs;Watches;Brooches / Pins","Style / Design;Quality;Comfort;Price","Silver Huggies","Fashion jewelry -- Inexpensive jewelry made out of non-precious stones, metals and immitation gems","RM 10 - 20","RM 20 - 40","Below RM5","Implusively / Unplanned","3","4","5","@nrulizh___",""
"2020/11/22 12:13:03 AM GMT+8","Female","Under 18","Earrings;Necklaces;Rings (not including wedding ring);Bracelets / Cuffs;Watches;Brooches / Pins","Style / Design;Trend;Quality;Comfort;Designer / Brand;Craftmanship","Silver Huggies","Fine / Semi-fine / Demi-fine jewelry -- Costlier and higher quality jewelry that can be worn day in and day out","RM 30 - 40","RM 20 - 40","RM 5 - 7","Planned","4","1","5","@dallishaaa_",""
"2020/11/22 12:23:46 AM GMT+8","Female","18 - 23","Earrings;Necklaces;Rings (not including wedding ring);Bracelets / Cuffs","Style / Design;Quality","Minimal, Simple","Fine / Semi-fine / Demi-fine jewelry -- Costlier and higher quality jewelry that can be worn day in and day out","Below RM 10","RM 20 - 40","RM 5 - 7","Implusively / Unplanned","3","3","2","@meisonotcool ",""
"2020/11/22 12:23:51 AM GMT+8","Female","18 - 23","Earrings;Necklaces;Rings (not including wedding ring);Bracelets / Cuffs","Style / Design;Quality","Minimal, Simple","Fine / Semi-fine / Demi-fine jewelry -- Costlier and higher quality jewelry that can be worn day in and day out","Below RM 10","RM 20 - 40","RM 5 - 7","Implusively / Unplanned","3","3","2","@meisonotcool ",""
"2020/11/22 12:32:04 AM GMT+8","Female","18 - 23","Earrings;Bracelets / Cuffs","Quality;Comfort","Minimal, Simple","Handcrafted / Handmade jewelry -- Artisan jewelry assembled or made by hand","RM 10 - 20","Below RM 20","RM 5 - 7","Planned","5","3","5","@ramanaarthy",""
"2020/11/22 12:55:30 AM GMT+8","Female","30+","Earrings;Necklaces;Bracelets / Cuffs;Watches","Style / Design;Trend;Quality;Comfort;Price;Designer / Brand;Craftmanship","Minimal, Simple","Fine / Semi-fine / Demi-fine jewelry -- Costlier and higher quality jewelry that can be worn day in and day out","RM 20 - 30","RM 40 - 60","RM 5 - 7","Implusively / Unplanned","4","3","3","enid.tang",""
"2020/11/22 1:22:09 AM GMT+8","Female","18 - 23","Earrings;Necklaces;Watches","Quality;Price","Elegant","Fashion jewelry -- Inexpensive jewelry made out of non-precious stones, metals and immitation gems","RM 10 - 20","Below RM 20","Below RM5","Planned","4","3","4","lakshmi_jk2",""
"2020/11/22 2:07:50 AM GMT+8","Female","18 - 23","Earrings;Necklaces;Rings (not including wedding ring);Bracelets / Cuffs","Style / Design;Quality;Comfort;Price","Elegant","Fine / Semi-fine / Demi-fine jewelry -- Costlier and higher quality jewelry that can be worn day in and day out","RM 10 - 20","RM 20 - 40","RM 5 - 7","Implusively / Unplanned","3","3","4","ohneejiang",""
"2020/11/22 2:14:07 AM GMT+8","Female","18 - 23","Earrings;Necklaces;Rings (not including wedding ring);Watches","Style / Design;Quality;Comfort;Price","Elegant","Fine / Semi-fine / Demi-fine jewelry -- Costlier and higher quality jewelry that can be worn day in and day out","Below RM 10","Below RM 20","Below RM5","Implusively / Unplanned","4","2","4","bei_bbeii",""
"2020/11/22 2:15:36 AM GMT+8","Female","18 - 23","Earrings;Necklaces;Bracelets / Cuffs","Style / Design;Quality","Minimal, Simple","Fine / Semi-fine / Demi-fine jewelry -- Costlier and higher quality jewelry that can be worn day in and day out","Below RM 10","I do not purchase fine / semi-fine / demi-fine earrings at all","Below RM5","Implusively / Unplanned","3","3","3","lowx_n",""
"2020/11/22 2:54:44 AM GMT+8","Female","18 - 23","Bracelets / Cuffs","Style / Design;Quality","Statement, Bold","Handcrafted / Handmade jewelry -- Artisan jewelry assembled or made by hand","RM 30 - 40","RM 20 - 40","RM 5 - 7","Planned","4","3","5","_.umx01",""
"2020/11/22 2:59:54 AM GMT+8","Female","30+","Earrings;Bracelets / Cuffs;Watches","Style / Design;Trend;Quality;Comfort;Craftmanship","Minimal, Simple","Fashion jewelry -- Inexpensive jewelry made out of non-precious stones, metals and immitation gems","Below RM 10","Below RM 20","Below RM5","Implusively / Unplanned","5","3","5","N/A",""
"2020/11/22 7:51:30 AM GMT+8","Female","30+","Earrings;Rings (not including wedding ring);Bracelets / Cuffs;Watches","Style / Design;Quality;Comfort;Price;Craftmanship","Statement, Bold","Fashion jewelry -- Inexpensive jewelry made out of non-precious stones, metals and immitation gems","RM 10 - 20","RM 20 - 40","RM 5 - 7","Implusively / Unplanned","4","2","3","dabookishmom ",""
"2020/11/22 7:56:49 AM GMT+8","Female","18 - 23","Earrings;Necklaces;Anklets","Style / Design;Trend;Price","Minimal, Simple","Fashion jewelry -- Inexpensive jewelry made out of non-precious stones, metals and immitation gems","RM 10 - 20","I do not purchase fine / semi-fine / demi-fine earrings at all","Below RM5","Planned","3","2","5","@tania_manimaran",""
"2020/11/22 8:07:14 AM GMT+8","Female","24 - 29","Earrings;Rings (not including wedding ring);Brooches / Pins","Quality;Comfort;Craftmanship","Mismatch","Fashion jewelry -- Inexpensive jewelry made out of non-precious stones, metals and immitation gems","RM 10 - 20","RM 40 - 60","RM 5 - 7","Implusively / Unplanned","3","3","4","@heysaracera",""
"2020/11/22 8:07:32 AM GMT+8","Female","18 - 23","Earrings;Necklaces;Bracelets / Cuffs;Watches","Style / Design;Quality;Comfort;Price;Designer / Brand;Craftmanship","Silver Huggies","Handcrafted / Handmade jewelry -- Artisan jewelry assembled or made by hand","RM 10 - 20","RM 40 - 60","Below RM5","Planned","5","3","3","@dancingsho",""
"2020/11/22 9:13:06 AM GMT+8","Female","24 - 29","Earrings;Necklaces;Watches","Style / Design;Comfort;Designer / Brand","Minimal, Simple","Fashion jewelry -- Inexpensive jewelry made out of non-precious stones, metals and immitation gems","Below RM 10","RM 40 - 60","Below RM5","Implusively / Unplanned","3","4","3","melissaamichelle",""
"2020/11/22 9:27:59 AM GMT+8","Female","30+","Earrings;Necklaces;Rings (not including wedding ring);Bracelets / Cuffs;Watches;Anklets","Style / Design;Price","Silver Huggies","Fine / Semi-fine / Demi-fine jewelry -- Costlier and higher quality jewelry that can be worn day in and day out","RM 10 - 20","RM 20 - 40","RM 5 - 7","Implusively / Unplanned","4","3","4","Jeannietohyn",""
"2020/11/22 9:48:05 AM GMT+8","Female","30+","Earrings;Necklaces;Rings (not including wedding ring);Bracelets / Cuffs;Watches","Style / Design;Quality;Comfort;Price;Craftmanship","Minimal, Simple","Fine / Semi-fine / Demi-fine jewelry -- Costlier and higher quality jewelry that can be worn day in and day out","RM 10 - 20","RM 20 - 40","Below RM5","Implusively / Unplanned","3","3","3","c.in.malaysia",""
"2020/11/22 10:10:54 AM GMT+8","Female","30+","Earrings;Necklaces;Rings (not including wedding ring);Bracelets / Cuffs;Watches","Style / Design;Trend","Minimal, Simple","Fine / Semi-fine / Demi-fine jewelry -- Costlier and higher quality jewelry that can be worn day in and day out","RM 20 - 30","RM 20 - 40","RM 5 - 7","Implusively / Unplanned","5","4","5","siok_pheng",""
"2020/11/22 10:26:02 AM GMT+8","Female","18 - 23","Earrings;Necklaces;Rings (not including wedding ring);Watches;Clip on ear ring","Style / Design;Comfort;Price;Craftmanship","Minimal, Simple","Fashion jewelry -- Inexpensive jewelry made out of non-precious stones, metals and immitation gems","Below RM 10","Below RM 20","Below RM5","Implusively / Unplanned","4","3","5","Crystaljoya_",""
"2020/11/22 10:30:27 AM GMT+8","Female","18 - 23","Necklaces;Rings (not including wedding ring);Watches","Style / Design;Quality;Price;Craftmanship","Minimal, Simple","Handcrafted / Handmade jewelry -- Artisan jewelry assembled or made by hand","RM 10 - 20","RM 20 - 40","Below RM5","Implusively / Unplanned","3","5","4","tashufflepuff ",""
"2020/11/22 10:47:28 AM GMT+8","Female","30+","Earrings;Necklaces;Watches","Style / Design;Trend","Minimal, Simple","Fashion jewelry -- Inexpensive jewelry made out of non-precious stones, metals and immitation gems","Below RM 10","RM 20 - 40","Below RM5","Implusively / Unplanned","3","4","3","Fen_2011",""
"2020/11/22 11:06:15 AM GMT+8","Female","18 - 23","Earrings;Necklaces;Rings (not including wedding ring);Bracelets / Cuffs","Style / Design;Quality;Price","Statement, Bold","Fashion jewelry -- Inexpensive jewelry made out of non-precious stones, metals and immitation gems","RM 10 - 20","RM 40 - 60","Below RM5","Implusively / Unplanned","5","1","4","@joeyxory",""
"2020/11/22 11:18:22 AM GMT+8","Female","24 - 29","Earrings;Necklaces;Rings (not including wedding ring)","Style / Design;Trend;Craftmanship","Elegant","Fine / Semi-fine / Demi-fine jewelry -- Costlier and higher quality jewelry that can be worn day in and day out","RM 30 - 40","RM 60 - 80","Below RM5","Implusively / Unplanned","5","4","4","shermainemin",""
"2020/11/22 11:41:52 AM GMT+8","Female","18 - 23","Earrings;Necklaces;Rings (not including wedding ring);Watches","Style / Design;Quality;Comfort;Price;Craftmanship","Minimal, Simple","Fashion jewelry -- Inexpensive jewelry made out of non-precious stones, metals and immitation gems","RM 20 - 30","RM 20 - 40","Below RM5","Planned","4","3","5","Francine_cjy",""
"2020/11/22 12:00:07 PM GMT+8","Female","30+","Earrings;Necklaces;Bracelets / Cuffs","Style / Design;Trend;Quality;Comfort;Price;Designer / Brand","Silver Huggies","Fashion jewelry -- Inexpensive jewelry made out of non-precious stones, metals and immitation gems","RM 20 - 30","RM 20 - 40","Below RM5","Implusively / Unplanned","1","3","3","@irene.pua1",""
"2020/11/22 12:15:45 PM GMT+8","Female","24 - 29","Earrings","Style / Design;Quality","Minimal, Simple","Handcrafted / Handmade jewelry -- Artisan jewelry assembled or made by hand","RM 10 - 20","RM 20 - 40","Below RM5","Planned","2","5","4","mutiaraaaaaa__",""
"2020/11/22 12:22:29 PM GMT+8","Female","18 - 23","Earrings;Necklaces;Rings (not including wedding ring)","Style / Design;Quality;Price;Designer / Brand","Elegant","Fine / Semi-fine / Demi-fine jewelry -- Costlier and higher quality jewelry that can be worn day in and day out","RM 20 - 30","Above RM 80","Above RM 7","Planned","5","5","5","mynameisjoeyyy1414",""
"2020/11/22 12:56:01 PM GMT+8","Female","30+","Earrings;Bracelets / Cuffs;Watches","Style / Design;Trend","Silver Huggies","Fine / Semi-fine / Demi-fine jewelry -- Costlier and higher quality jewelry that can be worn day in and day out","RM 10 - 20","RM 40 - 60","RM 5 - 7","Planned","4","4","5","angellam123",""
"2020/11/22 1:37:51 PM GMT+8","Female","Under 18","Earrings;Necklaces;Rings (not including wedding ring);Bracelets / Cuffs;Anklets","Style / Design;Trend;Price;Designer / Brand","Resin Handmade","Fashion jewelry -- Inexpensive jewelry made out of non-precious stones, metals and immitation gems","RM 10 - 20","Below RM 20","RM 5 - 7","Implusively / Unplanned","4","3","3","_kiro.m",""
"2020/11/22 2:03:59 PM GMT+8","Female","24 - 29","Earrings;Necklaces;Bracelets / Cuffs;Watches","Style / Design;Comfort","Elegant","Fine / Semi-fine / Demi-fine jewelry -- Costlier and higher quality jewelry that can be worn day in and day out","RM 10 - 20","RM 40 - 60","Above RM 7","Implusively / Unplanned","4","3","4","shareenczy",""
"2020/11/22 3:05:39 PM GMT+8","Female","18 - 23","Earrings;Necklaces","Style / Design;Quality;Craftmanship","Resin Handmade","Handcrafted / Handmade jewelry -- Artisan jewelry assembled or made by hand","RM 10 - 20","RM 40 - 60","Below RM5","Planned","3","4","2","yuehyuehqi",""
"2020/11/22 3:39:08 PM GMT+8","Female","18 - 23","Earrings;Necklaces","Comfort;Price","Minimal, Simple","Handcrafted / Handmade jewelry -- Artisan jewelry assembled or made by hand","RM 10 - 20","Below RM 20","RM 5 - 7","Planned","4","3","5","jnfxr_ ",""
"2020/11/22 3:39:32 PM GMT+8","Female","18 - 23","Earrings;Necklaces;Rings (not including wedding ring);Bracelets / Cuffs","Style / Design;Quality;Price;Craftmanship","Minimal, Simple","Fashion jewelry -- Inexpensive jewelry made out of non-precious stones, metals and immitation gems","RM 20 - 30","RM 40 - 60","Below RM5","Planned","3","4","5","ka_rollee",""
"2020/11/22 4:07:41 PM GMT+8","Female","Under 18","Earrings","Style / Design;Trend","Minimal, Simple","Fashion jewelry -- Inexpensive jewelry made out of non-precious stones, metals and immitation gems","Below RM 10","Below RM 20","Below RM5","Implusively / Unplanned","5","5","5","@nrnsyarafana.__",""
"2020/11/22 4:15:07 PM GMT+8","Female","18 - 23","Earrings;Watches;Brooches / Pins","Style / Design;Quality;Price","Minimal, Simple","Fine / Semi-fine / Demi-fine jewelry -- Costlier and higher quality jewelry that can be worn day in and day out","RM 10 - 20","RM 20 - 40","RM 5 - 7","Implusively / Unplanned","3","3","4","@erinsafian_",""
"2020/11/22 4:31:50 PM GMT+8","Female","30+","Earrings;Necklaces;Bracelets / Cuffs;Watches","Style / Design;Quality;Comfort","Mismatch","Fashion jewelry -- Inexpensive jewelry made out of non-precious stones, metals and immitation gems","RM 20 - 30","RM 20 - 40","Below RM5","Implusively / Unplanned","4","1","3","@crystalbize8 ",""
"2020/11/22 4:32:10 PM GMT+8","Female","18 - 23","Necklaces","Comfort","Resin Handmade","Handcrafted / Handmade jewelry -- Artisan jewelry assembled or made by hand","Below RM 10","Below RM 20","Below RM5","Implusively / Unplanned","1","2","2","nur.aisyah_06",""
"2020/11/22 4:54:34 PM GMT+8","Female","18 - 23","Earrings;Necklaces;Rings (not including wedding ring)","Trend;Quality;Comfort;Price","Minimal, Simple","Fine / Semi-fine / Demi-fine jewelry -- Costlier and higher quality jewelry that can be worn day in and day out","RM 20 - 30","Above RM 80","RM 5 - 7","Implusively / Unplanned","2","2","4","joycecjx",""
"2020/11/22 5:02:16 PM GMT+8","Female","18 - 23","Earrings;Necklaces;Bracelets / Cuffs;Watches","Style / Design;Quality","Statement, Bold","Fashion jewelry -- Inexpensive jewelry made out of non-precious stones, metals and immitation gems","Below RM 10","RM 40 - 60","RM 5 - 7","Implusively / Unplanned","5","4","4","sarahmaeleee",""
"2020/11/22 6:44:26 PM GMT+8","Female","18 - 23","Earrings;Necklaces;Rings (not including wedding ring);Bracelets / Cuffs","Style / Design;Comfort","Elegant","Fine / Semi-fine / Demi-fine jewelry -- Costlier and higher quality jewelry that can be worn day in and day out","Below RM 10","RM 20 - 40","Below RM5","Implusively / Unplanned","4","2","4","Yykkk_5 ",""
"2020/11/22 6:48:01 PM GMT+8","Female","30+","Earrings","Style / Design;Quality;Comfort;Price","Silver Huggies","Fine / Semi-fine / Demi-fine jewelry -- Costlier and higher quality jewelry that can be worn day in and day out","RM 10 - 20","Below RM 20","Below RM5","Implusively / Unplanned","3","3","5","janice_tpc",""
"2020/11/22 7:32:11 PM GMT+8","Female","24 - 29","Necklaces;Rings (not including wedding ring);Watches;Brooches / Pins","Style / Design;Quality;Comfort;Price;Craftmanship","Minimal, Simple","Fine / Semi-fine / Demi-fine jewelry -- Costlier and higher quality jewelry that can be worn day in and day out","RM 20 - 30","RM 40 - 60","Below RM5","Planned","3","3","5","@revathiy7",""
"2020/11/22 8:25:36 PM GMT+8","Female","24 - 29","Earrings;Necklaces;Rings (not including wedding ring)","Style / Design;Quality;Price","Elegant","Fashion jewelry -- Inexpensive jewelry made out of non-precious stones, metals and immitation gems","RM 10 - 20","RM 20 - 40","Below RM5","Planned","3","2","2","helloxiaaa11",""
"2020/11/22 8:25:56 PM GMT+8","Female","18 - 23","Earrings;Necklaces;Rings (not including wedding ring);Bracelets / Cuffs;Watches;Anklets","Style / Design;Quality;Comfort;Price;Craftmanship","Mismatch","Fashion jewelry -- Inexpensive jewelry made out of non-precious stones, metals and immitation gems","RM 10 - 20","RM 40 - 60","Below RM5","Implusively / Unplanned","3","2","2","@emma.sng",""
"2020/11/22 9:39:11 PM GMT+8","Prefer not to say","24 - 29","Earrings;Necklaces;Bracelets / Cuffs;Watches;Brooches / Pins","Style / Design;Quality;Comfort;Price;Designer / Brand;Craftmanship","Minimal, Simple","Fine / Semi-fine / Demi-fine jewelry -- Costlier and higher quality jewelry that can be worn day in and day out","Below RM 10","Below RM 20","Below RM5","Planned","1","2","5","slinggg_301",""
"2020/11/22 10:04:44 PM GMT+8","Female","18 - 23","Earrings;Necklaces","Style / Design;Quality;Price;Craftmanship","Silver Huggies","Fine / Semi-fine / Demi-fine jewelry -- Costlier and higher quality jewelry that can be worn day in and day out","RM 10 - 20","RM 20 - 40","Below RM5","Implusively / Unplanned","4","3","3","@quaaahhhh",""
"2020/11/22 11:24:27 PM GMT+8","Female","Under 18","Earrings;Necklaces;Watches","Style / Design;Quality;Comfort;Price","Minimal, Simple","Fine / Semi-fine / Demi-fine jewelry -- Costlier and higher quality jewelry that can be worn day in and day out","RM 10 - 20","Below RM 20","Below RM5","Planned","4","3","5","Iâ€™ve completed all the steps for giveaway!ðŸ’•",""
"2020/11/22 11:36:12 PM GMT+8","Female","30+","Earrings;Necklaces;Bracelets / Cuffs;Watches;Anklets;Brooches / Pins","Style / Design;Quality","Minimal, Simple","Fine / Semi-fine / Demi-fine jewelry -- Costlier and higher quality jewelry that can be worn day in and day out","Above RM 40","Above RM 80","RM 5 - 7","Implusively / Unplanned","5","3","5","@kaushelia86",""
"2020/11/23 12:15:22 AM GMT+8","Male","30+","Necklaces;Rings (not including wedding ring);Watches","Trend;Quality;Comfort","Minimal, Simple","Fashion jewelry -- Inexpensive jewelry made out of non-precious stones, metals and immitation gems","Above RM 40","RM 40 - 60","Above RM 7","Implusively / Unplanned","4","4","4","leecn168",""
"2020/11/23 12:51:10 AM GMT+8","Female","30+","Earrings;Necklaces;Rings (not including wedding ring);Watches;Brooches / Pins","Style / Design;Designer / Brand","Elegant","Fine / Semi-fine / Demi-fine jewelry -- Costlier and higher quality jewelry that can be worn day in and day out","RM 20 - 30","RM 60 - 80","RM 5 - 7","Implusively / Unplanned","3","3","5","Pankikansal",""
"2020/11/23 1:23:09 AM GMT+8","Female","18 - 23","Earrings;Necklaces;Rings (not including wedding ring);Bracelets / Cuffs","Style / Design;Quality","Minimal, Simple","Fashion jewelry -- Inexpensive jewelry made out of non-precious stones, metals and immitation gems","RM 10 - 20","RM 20 - 40","Below RM5","Implusively / Unplanned","4","4","2","N/A",""
"2020/11/23 1:23:34 AM GMT+8","Female","30+","Earrings;Necklaces;Bracelets / Cuffs","Style / Design;Trend;Craftmanship","Minimal, Simple","Handcrafted / Handmade jewelry -- Artisan jewelry assembled or made by hand","RM 10 - 20","RM 40 - 60","RM 5 - 7","Implusively / Unplanned","4","3","3","hanasan0219",""
"2020/11/23 2:50:29 AM GMT+8","Female","24 - 29","Earrings;Necklaces;Rings (not including wedding ring);Watches","Quality;Comfort","Silver Huggies","Handcrafted / Handmade jewelry -- Artisan jewelry assembled or made by hand","RM 20 - 30","RM 60 - 80","Below RM5","Implusively / Unplanned","1","1","1","@dearshelbs ",""
"2020/11/23 8:49:08 AM GMT+8","Female","30+","Earrings;Necklaces;Watches","Style / Design;Trend","Resin Handmade","Handcrafted / Handmade jewelry -- Artisan jewelry assembled or made by hand","RM 20 - 30","RM 20 - 40","RM 5 - 7","Implusively / Unplanned","3","3","4","chan.h.yee.98",""
"2020/11/23 8:58:50 AM GMT+8","Female","30+","Earrings;Necklaces;Rings (not including wedding ring);Bracelets / Cuffs;Watches","Style / Design;Quality","Mismatch","Handcrafted / Handmade jewelry -- Artisan jewelry assembled or made by hand","RM 30 - 40","RM 20 - 40","RM 5 - 7","Implusively / Unplanned","4","4","5","belindasoo",""
"2020/11/23 9:28:33 AM GMT+8","Female","24 - 29","Earrings;Necklaces;Rings (not including wedding ring);Watches","Style / Design;Price","Minimal, Simple","Fashion jewelry -- Inexpensive jewelry made out of non-precious stones, metals and immitation gems","Below RM 10","RM 20 - 40","Below RM5","Implusively / Unplanned","5","5","5","l.peileng",""
"2020/11/23 10:03:27 AM GMT+8","Female","30+","Earrings;Necklaces","Style / Design;Price","Silver Huggies","Fine / Semi-fine / Demi-fine jewelry -- Costlier and higher quality jewelry that can be worn day in and day out","RM 10 - 20","RM 60 - 80","RM 5 - 7","Implusively / Unplanned","2","3","2","Melng86 ",""
"2020/11/23 1:18:28 PM GMT+8","Female","30+","Earrings;Necklaces;Bracelets / Cuffs","Quality;Craftmanship","Elegant","Fine / Semi-fine / Demi-fine jewelry -- Costlier and higher quality jewelry that can be worn day in and day out","Below RM 10","RM 20 - 40","Below RM5","Planned","3","3","4","@bibiscorner",""
"2020/11/23 1:23:58 PM GMT+8","Female","18 - 23","Earrings;Necklaces;Rings (not including wedding ring);Bracelets / Cuffs;Watches","Style / Design;Quality;Comfort","Mismatch","Fashion jewelry -- Inexpensive jewelry made out of non-precious stones, metals and immitation gems","RM 10 - 20","Below RM 20","Below RM5","Implusively / Unplanned","4","4","3","Jiamun_",""
"2020/11/23 1:30:04 PM GMT+8","Female","Under 18","Earrings;Necklaces","Style / Design;Quality;Comfort","Elegant","Fine / Semi-fine / Demi-fine jewelry -- Costlier and higher quality jewelry that can be worn day in and day out","RM 20 - 30","RM 20 - 40","RM 5 - 7","Planned","4","3","5","Wendywei_",""
"2020/11/23 3:23:12 PM GMT+8","Female","30+","Earrings;Necklaces;Bracelets / Cuffs","Style / Design;Trend;Quality;Comfort;Price","Minimal, Simple","Fashion jewelry -- Inexpensive jewelry made out of non-precious stones, metals and immitation gems","Below RM 10","RM 20 - 40","Below RM5","Implusively / Unplanned","5","4","5","mushroom.co",""
"2020/11/23 5:31:09 PM GMT+8","Female","30+","Earrings;Necklaces;Bracelets / Cuffs;Watches;Anklets","Style / Design;Quality","Minimal, Simple","Fashion jewelry -- Inexpensive jewelry made out of non-precious stones, metals and immitation gems","RM 10 - 20","Above RM 80","Below RM5","Implusively / Unplanned","5","3","5","yf_yunfei",""
"2020/11/23 8:59:38 PM GMT+8","Female","18 - 23","Earrings;Necklaces","Style / Design","Silver Huggies","Fine / Semi-fine / Demi-fine jewelry -- Costlier and higher quality jewelry that can be worn day in and day out","RM 10 - 20","Below RM 20","Below RM5","Planned","3","3","4","00nuj17",""
"2020/11/23 9:29:27 PM GMT+8","Female","18 - 23","Earrings;Necklaces;Rings (not including wedding ring)","Style / Design;Quality;Comfort;Price;Craftmanship","Mismatch","Fine / Semi-fine / Demi-fine jewelry -- Costlier and higher quality jewelry that can be worn day in and day out","RM 10 - 20","RM 20 - 40","Below RM5","Implusively / Unplanned","3","1","5","entong99",""
"2020/11/23 10:54:49 PM GMT+8","Female","30+","Earrings;Necklaces;Bracelets / Cuffs;Watches","Style / Design;Craftmanship","Silver Huggies","Fine / Semi-fine / Demi-fine jewelry -- Costlier and higher quality jewelry that can be worn day in and day out","RM 20 - 30","RM 40 - 60","Below RM5","Implusively / Unplanned","4","4","5","mag.love.9862 ",""
"2020/11/23 11:53:12 PM GMT+8","Female","Under 18","Earrings;Necklaces;Bracelets / Cuffs","Style / Design;Quality","Mismatch","Fashion jewelry -- Inexpensive jewelry made out of non-precious stones, metals and immitation gems","Below RM 10","Below RM 20","Below RM5","Implusively / Unplanned","4","4","4","Nsnsdhx325",""